-5.551	-0.467254
-5.548	-0.457116
-5.546	-0.447032
-5.544	-0.437196
-5.538	-0.427215
-5.534	-0.417288
-5.528	-0.407211
-5.521	-0.397262
-5.513	-0.387547
-5.505	-0.377772
-5.495	-0.367875
-5.486	-0.358317
-5.475	-0.348811
-5.466	-0.339298
-5.453	-0.329907
-5.441	-0.320362
-5.428	-0.311130
-5.415	-0.301797
-5.401	-0.292818
-5.388	-0.283947
-5.372	-0.274695
-5.356	-0.265870
-5.341	-0.256962
-5.325	-0.248063
-5.309	-0.239475
-5.291	-0.231184
-5.272	-0.222302
-5.255	-0.213979
-5.236	-0.205974
-5.218	-0.197980
-5.198	-0.189697
-5.178	-0.181376
-5.159	-0.173493
-5.138	-0.165378
-5.117	-0.157956
-5.097	-0.150474
-5.076	-0.142904
-5.053	-0.135218
-5.031	-0.127770
-5.009	-0.120604
-4.987	-0.113548
-4.965	-0.106431
-4.942	-0.099327
-4.918	-0.092744
-4.895	-0.085882
-4.871	-0.079203
-4.847	-0.072715
-4.823	-0.066396
-4.798	-0.060045
-4.775	-0.053609
-4.749	-0.047483
-4.724	-0.041468
-4.699	-0.035369
-4.674	-0.029519
-4.648	-0.023656
-4.621	-0.017845
-4.596	-0.012744
-4.570	-0.007318
-4.544	-0.001802
-4.517	0.003536
-4.491	0.008997
-4.464	0.014007
-4.437	0.018854
-4.410	0.023721
-4.384	0.028943
-4.356	0.034028
-4.330	0.038341
-4.302	0.042981
-4.274	0.047627
-4.246	0.052270
-4.219	0.056742
-4.192	0.061061
-4.163	0.065282
-4.134	0.069707
-4.107	0.073970
-4.079	0.078152
-4.050	0.082083
-4.022	0.085983
-3.993	0.089986
-3.964	0.093726
-3.936	0.097416
-3.907	0.100941
-3.878	0.104471
-3.849	0.108041
-3.820	0.111956
-3.791	0.115165
-3.762	0.118620
-3.731	0.121584
-3.703	0.124638
-3.673	0.127951
-3.644	0.131205
-3.615	0.134417
-3.585	0.137129
-3.557	0.140244
-3.526	0.143124
-3.496	0.146124
-3.466	0.148815
-3.436	0.151566
-3.407	0.154345
-3.377	0.156940
-3.347	0.159697
-3.316	0.162464
-3.286	0.165128
-3.256	0.167583
-3.226	0.169953
-3.196	0.172480
-3.165	0.174875
-3.135	0.177127
-3.104	0.179315
-3.075	0.181888
-3.044	0.184007
-3.014	0.186531
-2.983	0.188465
-2.953	0.190895
-2.921	0.192917
-2.890	0.194878
-2.860	0.197006
-2.830	0.198952
-2.799	0.201234
-2.766	0.202786
-2.737	0.204482
-2.706	0.206604
-2.675	0.208452
-2.644	0.210269
-2.613	0.212127
-2.582	0.213940
-2.551	0.215509
-2.520	0.217505
-2.489	0.218750
-2.458	0.220258
-2.427	0.222104
-2.397	0.223646
-2.366	0.225421
-2.333	0.227014
-2.303	0.228487
-2.271	0.230226
-2.240	0.231839
-2.209	0.233417
-2.178	0.234728
-2.145	0.236078
-2.114	0.237416
-2.083	0.238828
-2.051	0.240232
-2.020	0.241569
-1.988	0.242973
-1.956	0.244502
-1.925	0.245855
-1.894	0.247013
-1.862	0.248387
-1.831	0.249626
-1.798	0.250793
-1.768	0.251921
-1.736	0.253178
-1.704	0.254355
-1.673	0.255559
-1.642	0.256791
-1.610	0.257975
-1.578	0.259098
-1.546	0.260133
-1.514	0.261199
-1.482	0.262258
-1.451	0.263140
-1.418	0.264224
-1.386	0.265360
-1.355	0.266428
-1.324	0.267501
-1.292	0.268580
-1.260	0.269547
-1.229	0.270551
-1.195	0.271492
-1.164	0.272384
-1.133	0.273258
-1.100	0.274246
-1.068	0.275216
-1.037	0.276099
-1.005	0.276873
-0.973	0.277799
-0.941	0.278724
-0.909	0.279547
-0.877	0.280450
-0.845	0.281341
-0.812	0.282211
-0.779	0.282993
-0.748	0.283822
-0.716	0.284637
-0.684	0.285502
-0.652	0.286386
-0.620	0.287161
-0.588	0.287945
-0.556	0.288731
-0.523	0.289522
-0.490	0.290258
-0.460	0.290902
-0.427	0.291600
-0.395	0.292352
-0.363	0.293050
-0.331	0.293764
-0.298	0.294404
-0.266	0.295006
-0.234	0.295672
-0.201	0.296409
-0.170	0.297070
-0.137	0.297696
-0.105	0.298309
-0.072	0.298920
-0.041	0.299552
-0.007	0.300269
0.025	0.300952
0.056	0.301646
0.090	0.302306
0.123	0.302997
0.155	0.303652
0.186	0.304254
0.219	0.304811
0.251	0.305335
0.284	0.305939
0.317	0.306515
0.349	0.307100
0.381	0.307623
0.414	0.308165
0.445	0.308709
0.478	0.309201
0.511	0.309733
0.544	0.310219
0.576	0.310687
0.608	0.311137
0.641	0.311597
0.672	0.312103
0.706	0.312614
0.738	0.313098
0.771	0.313585
0.803	0.314047
0.835	0.314520
0.868	0.314997
0.901	0.315492
0.933	0.315961
0.966	0.316382
0.999	0.316803
1.031	0.317248
1.063	0.317658
1.096	0.318069
1.128	0.318479
1.161	0.318884
1.195	0.319299
1.226	0.319748
1.259	0.320191
1.291	0.320562
1.325	0.320938
1.357	0.321333
1.390	0.321728
1.422	0.322122
1.454	0.322514
1.489	0.322895
1.520	0.323294
1.554	0.323691
1.586	0.324061
1.618	0.324395
1.652	0.324722
1.685	0.325034
1.718	0.325355
1.750	0.325719
1.782	0.326058
1.815	0.326351
1.848	0.326637
1.880	0.326935
1.913	0.327256
1.946	0.327604
1.979	0.327933
2.012	0.328241
2.045	0.328549
2.077	0.328849
2.110	0.329146
2.142	0.329441
2.176	0.329725
2.208	0.330014
2.241	0.330292
2.274	0.330567
2.306	0.330853
2.339	0.331144
2.372	0.331429
2.404	0.331697
2.438	0.331943
2.471	0.332189
2.504	0.332429
2.536	0.332654
2.570	0.332888
2.601	0.333132
2.636	0.333365
2.668	0.333603
2.700	0.333834
2.733	0.334062
2.767	0.334281
2.800	0.334502
2.832	0.334722
2.866	0.334953
2.898	0.335191
2.931	0.335428
2.963	0.335674
2.996	0.335923
3.030	0.336194
3.062	0.336464
3.095	0.336707
3.128	0.336921
3.161	0.337109
3.194	0.337291
3.227	0.337483
3.260	0.337690
3.293	0.337898
3.326	0.338098
3.358	0.338288
3.391	0.338482
3.424	0.338667
3.458	0.338841
3.490	0.339021
3.523	0.339208
3.556	0.339386
3.589	0.339566
3.621	0.339754
3.656	0.339940
3.688	0.340120
3.721	0.340288
3.754	0.340451
3.786	0.340609
3.821	0.340772
3.853	0.340928
3.886	0.341074
3.919	0.341214
3.952	0.341350
3.985	0.341489
4.018	0.341647
4.051	0.341816
4.084	0.341972
4.116	0.342119
4.150	0.342261
4.183	0.342403
4.216	0.342546
4.249	0.342689
4.282	0.342832
4.315	0.342976
4.348	0.343121
4.381	0.343268
4.414	0.343414
4.448	0.343562
4.480	0.343710
4.513	0.343859
4.545	0.344009
4.579	0.344160
4.613	0.344311
4.645	0.344462
4.678	0.344614
4.711	0.344764
4.745	0.344915
4.777	0.345066
4.811	0.345216
4.844	0.345366
4.876	0.345516
4.909	0.345666
4.942	0.345816
4.976	0.345967
5.009	0.346119
5.042	0.346270
5.074	0.346421
5.109	0.346572
5.140	0.346724
5.174	0.346876
5.207	0.347027
5.242	0.347179
5.273	0.347331
5.307	0.347483
5.341	0.347634
5.372	0.347785
5.405	0.347937
5.439	0.348088
5.472	0.348239
5.505	0.348389
5.538	0.348538
5.572	0.348686
5.605	0.348834
5.638	0.348982
5.672	0.349130
5.704	0.349278
5.737	0.349426
5.771	0.349575
5.804	0.349723
5.837	0.349871
5.870	0.350019
5.903	0.350167
5.936	0.350313
5.969	0.350459
6.003	0.350604
6.036	0.350749
6.069	0.350895
6.102	0.351040
6.134	0.351185
6.168	0.351329
6.201	0.351474
6.235	0.351618
6.267	0.351762
6.300	0.351904
6.333	0.352046
6.367	0.352187
6.400	0.352326
6.434	0.352464
6.467	0.352602
6.499	0.352741
6.533	0.352878
6.565	0.353016
6.598	0.353152
6.633	0.353289
6.665	0.353425
6.699	0.353561
6.733	0.353697
6.765	0.353832
6.798	0.353966
6.832	0.354099
6.864	0.354231
6.898	0.354363
6.931	0.354495
6.964	0.354627
6.998	0.354758
7.031	0.354889
7.063	0.355019
7.097	0.355149
7.130	0.355279
7.163	0.355409
7.197	0.355537
7.230	0.355665
7.262	0.355792
7.296	0.355917
7.330	0.356042
7.362	0.356167
7.396	0.356291
7.428	0.356414
7.461	0.356537
7.496	0.356659
7.528	0.356780
7.561	0.356901
7.595	0.357020
7.628	0.357138
7.662	0.357256
7.695	0.357373
7.727	0.357489
7.761	0.357605
7.793	0.357720
7.828	0.357835
7.861	0.357949
7.894	0.358063
7.927	0.358177
7.960	0.358290
7.992	0.358402
8.025	0.358513
8.060	0.358623
8.093	0.358732
8.127	0.358841
8.159	0.358948
8.192	0.359056
8.225	0.359163
8.259	0.359269
8.292	0.359375
8.326	0.359481
8.360	0.359585
8.392	0.359688
8.426	0.359791
8.459	0.359894
8.492	0.359995
8.525	0.360096
8.558	0.360196
8.591	0.360295
8.625	0.360395
8.658	0.360494
8.691	0.360593
8.726	0.360691
8.758	0.360789
8.791	0.360887
8.824	0.360985
8.857	0.361081
8.891	0.361177
8.924	0.361272
8.957	0.361367
8.990	0.361461
9.023	0.361554
9.056	0.361646
9.090	0.361739
9.123	0.361831
9.155	0.361923
9.189	0.362014
9.223	0.362105
9.256	0.362195
9.289	0.362285
9.323	0.362374
9.355	0.362462
9.389	0.362550
9.422	0.362637
9.456	0.362724
9.489	0.362810
9.521	0.362896
9.555	0.362981
9.588	0.363066
9.622	0.363150
9.655	0.363234
9.689	0.363318
9.721	0.363401
9.756	0.363483
9.789	0.363564
9.822	0.363646
9.855	0.363726
9.888	0.363807
9.921	0.363887
9.953	0.363968
9.988	0.364048
10.021	0.364128
10.053	0.364207
10.087	0.364285
10.121	0.364363
10.154	0.364441
10.187	0.364518
10.221	0.364594
10.255	0.364670
10.287	0.364746
10.321	0.364821
10.353	0.364896
10.387	0.364970
10.421	0.365043
10.453	0.365117
10.487	0.365190
10.520	0.365263
10.554	0.365336
10.586	0.365407
10.620	0.365479
10.652	0.365550
10.686	0.365620
10.719	0.365690
10.753	0.365760
10.785	0.365829
10.819	0.365898
10.852	0.365966
10.886	0.366034
10.919	0.366102
10.951	0.366169
10.986	0.366236
11.018	0.366302
11.052	0.366369
11.086	0.366434
11.118	0.366500
11.152	0.366565
11.184	0.366630
11.219	0.366695
11.252	0.366760
11.285	0.366824
11.319	0.366887
11.351	0.366951
11.385	0.367014
11.418	0.367076
11.451	0.367139
11.485	0.367201
11.518	0.367263
11.551	0.367325
11.585	0.367387
11.618	0.367447
11.652	0.367508
11.684	0.367569
11.718	0.367629
11.751	0.367689
11.784	0.367748
11.818	0.367807
11.851	0.367867
11.885	0.367925
11.918	0.367984
11.950	0.368042
11.984	0.368101
12.018	0.368159
12.051	0.368217
12.084	0.368275
12.117	0.368332
12.151	0.368389
12.183	0.368446
12.217	0.368502
12.249	0.368558
12.284	0.368614
12.317	0.368670
12.350	0.368726
12.383	0.368781
12.416	0.368836
12.450	0.368891
12.483	0.368945
12.517	0.369000
12.550	0.369054
12.584	0.369108
12.617	0.369161
12.651	0.369215
12.684	0.369268
12.717	0.369322
12.750	0.369375
12.784	0.369427
12.816	0.369480
12.850	0.369532
12.884	0.369584
12.917	0.369636
12.950	0.369688
12.984	0.369739
13.016	0.369791
13.050	0.369842
13.083	0.369893
13.117	0.369944
13.148	0.369995
13.182	0.370045
13.216	0.370096
13.248	0.370146
13.283	0.370196
13.315	0.370245
13.348	0.370294
13.382	0.370344
13.415	0.370393
13.448	0.370442
13.483	0.370490
13.514	0.370539
13.548	0.370587
13.581	0.370636
13.615	0.370684
13.648	0.370732
13.683	0.370780
13.715	0.370828
13.749	0.370876
13.782	0.370924
13.815	0.370972
13.849	0.371020
13.881	0.371067
13.915	0.371115
13.949	0.371162
13.982	0.371209
14.015	0.371256
14.048	0.371303
14.081	0.371350
14.115	0.371396
14.149	0.371443
14.182	0.371489
14.216	0.371535
14.249	0.371581
14.283	0.371627
14.315	0.371672
14.348	0.371717
14.381	0.371763
14.415	0.371808
14.448	0.371853
14.480	0.371898
14.515	0.371942
14.548	0.371987
14.580	0.372031
14.615	0.372075
14.648	0.372119
14.680	0.372163
14.714	0.372207
14.748	0.372250
14.782	0.372294
14.815	0.372337
14.848	0.372380
14.880	0.372423
14.914	0.372466
14.947	0.372508
14.980	0.372551
15.014	0.372593
15.048	0.372635
15.080	0.372677
15.114	0.372719
15.149	0.372760
15.181	0.372802
15.215	0.372843
15.246	0.372885
15.280	0.372926
15.313	0.372967
15.348	0.373008
15.381	0.373049
15.413	0.373090
15.447	0.373131
15.481	0.373171
15.513	0.373211
15.547	0.373252
15.580	0.373292
15.614	0.373332
15.647	0.373372
15.681	0.373412
15.714	0.373451
15.747	0.373491
15.781	0.373530
15.814	0.373569
15.847	0.373609
15.881	0.373648
15.913	0.373688
15.947	0.373727
15.980	0.373767
16.014	0.373806
16.048	0.373846
16.079	0.373885
16.114	0.373924
16.147	0.373963
16.180	0.374002
16.213	0.374040
16.246	0.374079
16.280	0.374117
16.313	0.374156
16.346	0.374194
16.380	0.374232
16.413	0.374270
16.447	0.374308
16.479	0.374345
16.513	0.374383
16.546	0.374420
16.579	0.374457
16.613	0.374495
16.646	0.374532
16.680	0.374569
16.713	0.374606
16.746	0.374643
16.779	0.374679
16.813	0.374716
16.846	0.374753
16.880	0.374790
16.912	0.374827
16.946	0.374864
16.979	0.374901
17.014	0.374937
17.047	0.374973
17.079	0.375010
17.112	0.375046
17.146	0.375082
17.179	0.375118
17.213	0.375154
17.247	0.375190
17.280	0.375226
17.313	0.375262
17.347	0.375297
17.380	0.375333
17.413	0.375368
17.446	0.375404
17.480	0.375439
17.514	0.375474
17.546	0.375509
17.579	0.375545
17.613	0.375579
17.646	0.375614
17.681	0.375649
17.713	0.375684
17.746	0.375719
17.779	0.375753
17.814	0.375788
17.847	0.375822
17.880	0.375856
17.913	0.375891
17.946	0.375925
17.980	0.375959
18.014	0.375993
18.046	0.376027
18.080	0.376061
18.114	0.376094
18.147	0.376128
18.180	0.376162
18.212	0.376195
18.246	0.376229
18.279	0.376262
18.314	0.376296
18.347	0.376329
18.379	0.376362
18.413	0.376395
18.447	0.376428
18.480	0.376461
18.512	0.376494
18.546	0.376527
18.579	0.376560
18.613	0.376592
18.646	0.376625
18.680	0.376658
18.714	0.376690
18.747	0.376723
18.779	0.376756
18.812	0.376788
18.845	0.376820
18.879	0.376852
18.912	0.376885
18.947	0.376917
18.979	0.376949
19.013	0.376981
19.046	0.377013
19.079	0.377045
19.113	0.377077
19.146	0.377109
19.179	0.377141
19.212	0.377172
19.246	0.377204
19.280	0.377235
19.313	0.377267
19.346	0.377298
19.380	0.377330
19.413	0.377361
19.446	0.377393
19.479	0.377424
19.513	0.377456
19.546	0.377487
19.579	0.377518
19.613	0.377549
19.646	0.377581
19.678	0.377612
19.712	0.377643
19.745	0.377674
19.779	0.377705
19.812	0.377736
19.846	0.377767
19.879	0.377798
19.912	0.377829
19.946	0.377859
19.979	0.377890
20.012	0.377921
20.046	0.377951
20.079	0.377981
20.113	0.378012
20.146	0.378042
20.179	0.378073
20.213	0.378103
20.246	0.378133
20.279	0.378163
20.313	0.378193
20.346	0.378223
20.380	0.378253
20.413	0.378283
20.446	0.378312
20.478	0.378342
20.512	0.378372
20.545	0.378402
20.579	0.378431
20.612	0.378461
20.645	0.378490
20.678	0.378519
20.712	0.378548
20.746	0.378577
20.779	0.378606
20.813	0.378635
20.845	0.378664
20.879	0.378693
20.913	0.378722
20.946	0.378751
20.980	0.378780
21.013	0.378809
21.046	0.378838
21.079	0.378867
21.113	0.378896
21.146	0.378924
21.178	0.378953
21.213	0.378982
21.246	0.379010
21.280	0.379039
21.312	0.379067
21.346	0.379096
21.379	0.379124
21.413	0.379152
21.446	0.379180
21.479	0.379208
21.512	0.379236
21.545	0.379264
21.580	0.379293
21.612	0.379321
21.645	0.379349
21.678	0.379377
21.712	0.379405
21.745	0.379433
21.779	0.379461
21.812	0.379488
21.845	0.379516
21.878	0.379543
21.912	0.379571
21.945	0.379599
21.979	0.379627
22.012	0.379654
22.045	0.379682
22.079	0.379710
22.112	0.379738
22.146	0.379765
22.180	0.379793
22.212	0.379821
22.245	0.379848
22.280	0.379875
22.313	0.379903
22.345	0.379930
22.379	0.379958
22.412	0.379985
22.445	0.380012
22.479	0.380040
22.513	0.380067
22.545	0.380094
22.578	0.380122
22.612	0.380149
22.646	0.380176
22.679	0.380203
22.711	0.380231
22.745	0.380258
22.778	0.380285
22.812	0.380312
22.845	0.380339
22.878	0.380366
22.913	0.380393
22.946	0.380421
22.980	0.380447
23.012	0.380475
23.046	0.380502
23.078	0.380529
23.113	0.380556
23.146	0.380583
23.179	0.380610
23.211	0.380637
23.245	0.380664
23.279	0.380692
23.311	0.380719
23.345	0.380746
23.379	0.380774
23.412	0.380801
23.445	0.380829
23.478	0.380856
23.512	0.380883
23.546	0.380911
23.579	0.380938
23.612	0.380965
23.646	0.380992
23.679	0.381019
23.712	0.381046
23.745	0.381073
23.778	0.381100
23.812	0.381127
23.845	0.381154
23.878	0.381181
23.911	0.381208
23.946	0.381235
23.978	0.381262
24.012	0.381288
24.045	0.381315
24.078	0.381342
24.111	0.381368
24.145	0.381395
24.179	0.381421
24.211	0.381448
24.245	0.381475
24.279	0.381501
24.311	0.381528
24.344	0.381554
24.379	0.381580
24.412	0.381607
24.445	0.381633
24.478	0.381659
24.512	0.381686
24.546	0.381712
24.579	0.381739
24.613	0.381765
24.645	0.381791
24.678	0.381818
24.713	0.381844
24.745	0.381870
24.779	0.381896
24.812	0.381922
24.846	0.381948
24.879	0.381974
24.912	0.382000
24.946	0.382026
24.979	0.382052
25.011	0.382078
25.046	0.382104
25.078	0.382130
25.112	0.382156
25.145	0.382182
25.180	0.382207
25.212	0.382233
25.246	0.382259
25.278	0.382285
25.312	0.382311
25.345	0.382336
25.378	0.382362
25.412	0.382388
25.444	0.382414
25.478	0.382440
25.512	0.382466
25.544	0.382492
25.579	0.382517
25.611	0.382543
25.645	0.382569
25.679	0.382595
25.712	0.382621
25.746	0.382646
25.778	0.382672
25.812	0.382698
25.846	0.382724
25.878	0.382749
25.912	0.382775
25.946	0.382801
25.979	0.382827
26.012	0.382852
26.046	0.382878
26.080	0.382903
26.112	0.382929
26.146	0.382954
26.179	0.382980
26.212	0.383005
26.246	0.383031
26.279	0.383056
26.312	0.383081
26.345	0.383107
26.379	0.383132
26.411	0.383157
26.446	0.383183
26.479	0.383208
26.512	0.383233
26.546	0.383258
26.578	0.383284
26.612	0.383309
26.645	0.383334
26.678	0.383359
26.712	0.383384
26.746	0.383409
26.779	0.383434
26.812	0.383459
26.846	0.383484
26.879	0.383509
26.911	0.383535
26.945	0.383560
26.980	0.383585
27.013	0.383610
27.047	0.383635
27.079	0.383660
27.112	0.383685
27.146	0.383710
27.179	0.383735
27.213	0.383759
27.246	0.383784
27.279	0.383809
27.312	0.383834
27.345	0.383859
27.379	0.383884
27.413	0.383908
27.446	0.383933
27.479	0.383958
27.512	0.383982
27.546	0.384007
27.579	0.384031
27.612	0.384056
27.646	0.384081
27.679	0.384105
27.713	0.384130
27.746	0.384154
27.779	0.384179
27.813	0.384204
27.845	0.384228
27.879	0.384252
27.912	0.384277
27.945	0.384302
27.980	0.384326
28.012	0.384351
28.044	0.384376
28.079	0.384400
28.112	0.384424
28.145	0.384449
28.179	0.384474
28.213	0.384498
28.246	0.384522
28.280	0.384547
28.313	0.384571
28.346	0.384596
28.379	0.384621
28.411	0.384645
28.446	0.384669
28.478	0.384694
28.512	0.384718
28.546	0.384743
28.578	0.384767
28.613	0.384792
28.646	0.384817
28.680	0.384841
28.713	0.384866
28.745	0.384890
28.779	0.384915
28.812	0.384939
28.846	0.384964
28.880	0.384988
28.912	0.385013
28.945	0.385037
28.979	0.385062
29.012	0.385086
29.046	0.385111
29.079	0.385135
29.112	0.385159
29.145	0.385184
29.180	0.385208
29.212	0.385233
29.245	0.385257
29.278	0.385281
29.313	0.385306
29.346	0.385330
29.379	0.385354
29.412	0.385379
29.446	0.385403
29.478	0.385427
29.512	0.385451
29.546	0.385476
29.579	0.385500
29.613	0.385524
29.646	0.385548
29.678	0.385572
29.712	0.385597
29.746	0.385621
29.779	0.385646
29.812	0.385670
29.846	0.385694
29.880	0.385719
29.912	0.385743
29.946	0.385767
29.980	0.385791
30.013	0.385815
30.047	0.385839
30.080	0.385863
30.113	0.385887
30.146	0.385911
30.179	0.385935
30.212	0.385959
30.245	0.385983
30.280	0.386007
30.313	0.386031
30.346	0.386056
30.379	0.386079
30.413	0.386103
30.445	0.386127
30.479	0.386151
30.511	0.386175
30.546	0.386199
30.579	0.386223
30.613	0.386247
30.646	0.386271
30.679	0.386295
30.714	0.386319
30.746	0.386342
30.779	0.386366
30.813	0.386390
30.846	0.386414
30.879	0.386437
30.914	0.386461
30.946	0.386485
30.980	0.386509
31.013	0.386532
31.046	0.386556
31.080	0.386580
31.113	0.386604
31.146	0.386628
31.179	0.386652
31.213	0.386675
31.246	0.386699
31.280	0.386723
31.313	0.386747
31.346	0.386771
31.378	0.386794
31.413	0.386818
31.447	0.386842
31.480	0.386865
31.513	0.386889
31.545	0.386913
31.580	0.386936
31.613	0.386960
31.645	0.386984
31.678	0.387007
31.713	0.387031
31.747	0.387054
31.778	0.387078
31.813	0.387101
31.846	0.387124
31.879	0.387148
31.914	0.387171
31.946	0.387194
31.980	0.387218
32.012	0.387241
32.046	0.387264
32.080	0.387287
32.114	0.387311
32.146	0.387334
32.179	0.387357
32.213	0.387380
32.246	0.387403
32.279	0.387426
32.312	0.387449
32.345	0.387472
32.380	0.387496
32.413	0.387518
32.447	0.387541
32.480	0.387564
32.513	0.387588
32.546	0.387611
32.579	0.387634
32.612	0.387657
32.646	0.387680
32.680	0.387703
32.713	0.387726
32.746	0.387749
32.780	0.387772
32.813	0.387796
32.847	0.387818
32.879	0.387842
32.913	0.387865
32.946	0.387888
32.980	0.387911
33.013	0.387934
33.046	0.387957
33.080	0.387981
33.112	0.388004
33.146	0.388027
33.180	0.388050
33.213	0.388074
33.247	0.388097
33.280	0.388120
33.312	0.388143
33.346	0.388167
33.379	0.388190
33.412	0.388213
33.445	0.388236
33.479	0.388260
33.512	0.388283
33.546	0.388306
33.577	0.388329
33.612	0.388352
33.646	0.388376
33.679	0.388399
33.713	0.388422
33.746	0.388446
33.780	0.388469
33.812	0.388492
33.846	0.388515
33.880	0.388539
33.912	0.388562
33.946	0.388585
33.979	0.388609
34.012	0.388632
34.047	0.388656
34.080	0.388679
34.113	0.388703
34.146	0.388727
34.180	0.388750
34.213	0.388774
34.246	0.388798
34.279	0.388822
34.313	0.388846
34.346	0.388869
34.379	0.388893
34.413	0.388917
34.446	0.388941
34.480	0.388965
34.512	0.388989
34.547	0.389013
34.580	0.389038
34.612	0.389062
34.646	0.389086
34.678	0.389110
34.713	0.389135
34.746	0.389159
34.779	0.389183
34.813	0.389208
34.846	0.389232
34.879	0.389256
34.913	0.389281
34.946	0.389305
34.980	0.389329
35.014	0.389354
35.046	0.389378
35.080	0.389402
35.113	0.389427
35.146	0.389451
35.180	0.389476
35.214	0.389500
35.245	0.389524
35.279	0.389549
35.313	0.389573
35.346	0.389598
35.380	0.389622
35.413	0.389647
35.446	0.389671
35.480	0.389696
35.513	0.389720
35.546	0.389745
35.580	0.389769
35.613	0.389794
35.646	0.389818
35.680	0.389843
35.713	0.389868
35.746	0.389892
35.779	0.389917
35.814	0.389941
35.845	0.389966
35.880	0.389991
35.913	0.390016
35.946	0.390041
35.979	0.390066
36.013	0.390091
36.046	0.390116
36.080	0.390142
36.112	0.390167
36.145	0.390192
36.180	0.390218
36.213	0.390243
36.246	0.390268
36.280	0.390293
36.314	0.390319
36.346	0.390344
36.379	0.390369
36.413	0.390394
36.446	0.390420
36.480	0.390445
36.514	0.390471
36.547	0.390496
36.580	0.390521
36.612	0.390547
36.645	0.390572
36.680	0.390598
36.712	0.390623
36.746	0.390649
36.779	0.390674
36.813	0.390699
36.846	0.390725
36.880	0.390751
36.913	0.390776
36.946	0.390802
36.979	0.390827
37.013	0.390853
37.045	0.390878
37.079	0.390904
37.112	0.390930
37.146	0.390956
37.179	0.390981
37.213	0.391007
37.246	0.391034
37.281	0.391060
37.312	0.391086
37.346	0.391112
37.380	0.391139
37.413	0.391165
37.447	0.391192
37.480	0.391218
37.514	0.391245
37.545	0.391272
37.580	0.391298
37.613	0.391325
37.646	0.391352
37.681	0.391379
37.713	0.391406
37.747	0.391432
37.780	0.391459
37.813	0.391486
37.847	0.391513
37.880	0.391541
37.914	0.391567
37.947	0.391594
37.980	0.391622
38.013	0.391649
38.045	0.391676
38.080	0.391703
38.113	0.391731
38.146	0.391758
38.179	0.391785
38.213	0.391812
38.246	0.391840
38.279	0.391867
38.314	0.391894
38.346	0.391922
38.380	0.391949
38.413	0.391977
38.447	0.392004
38.480	0.392032
38.512	0.392059
38.547	0.392087
38.579	0.392114
38.614	0.392142
38.646	0.392169
38.679	0.392197
38.713	0.392224
38.746	0.392252
38.780	0.392279
38.813	0.392307
38.846	0.392335
38.880	0.392362
38.912	0.392390
38.946	0.392418
38.980	0.392446
39.013	0.392473
39.046	0.392501
39.080	0.392529
39.113	0.392557
39.146	0.392584
39.180	0.392612
39.213	0.392640
39.246	0.392668
39.278	0.392696
39.314	0.392724
39.346	0.392753
39.379	0.392781
39.413	0.392809
39.446	0.392837
39.479	0.392865
39.513	0.392893
39.546	0.392922
39.579	0.392950
39.613	0.392979
39.646	0.393007
39.679	0.393036
39.713	0.393064
39.746	0.393092
39.780	0.393121
39.813	0.393149
39.847	0.393178
39.879	0.393207
39.913	0.393235
39.946	0.393264
39.980	0.393292
40.013	0.393321
40.047	0.393349
40.080	0.393378
40.113	0.393407
40.147	0.393435
40.179	0.393464
40.212	0.393493
40.246	0.393522
40.279	0.393550
40.313	0.393579
40.346	0.393608
40.379	0.393637
40.413	0.393666
40.446	0.393694
40.479	0.393723
40.512	0.393752
40.546	0.393781
40.580	0.393810
40.613	0.393839
40.647	0.393868
40.680	0.393897
40.713	0.393926
40.747	0.393956
40.780	0.393985
40.813	0.394014
40.846	0.394044
40.879	0.394074
40.913	0.394103
40.946	0.394132
40.980	0.394162
41.014	0.394192
41.046	0.394221
41.079	0.394251
41.113	0.394281
41.146	0.394310
41.180	0.394340
41.214	0.394370
41.246	0.394399
41.280	0.394429
41.313	0.394459
41.346	0.394489
41.379	0.394518
41.414	0.394548
41.447	0.394578
41.480	0.394608
41.513	0.394638
41.546	0.394668
41.579	0.394697
41.612	0.394727
41.645	0.394757
41.680	0.394787
41.714	0.394817
41.746	0.394847
41.779	0.394876
41.813	0.394906
41.845	0.394936
41.880	0.394966
41.914	0.394996
41.946	0.395025
41.979	0.395055
42.013	0.395085
42.046	0.395115
42.080	0.395144
42.112	0.395174
42.146	0.395204
42.179	0.395234
42.213	0.395264
42.247	0.395294
42.280	0.395324
42.313	0.395353
42.347	0.395383
42.380	0.395413
42.413	0.395443
42.446	0.395473
42.479	0.395503
42.512	0.395532
42.546	0.395562
42.579	0.395592
42.613	0.395622
42.646	0.395651
42.679	0.395681
42.712	0.395711
42.745	0.395741
42.779	0.395770
42.812	0.395800
42.845	0.395829
42.879	0.395859
42.913	0.395889
42.946	0.395919
42.980	0.395949
43.012	0.395979
43.047	0.396008
43.079	0.396038
43.113	0.396068
43.146	0.396098
43.180	0.396128
43.212	0.396158
43.246	0.396187
43.280	0.396218
43.313	0.396247
43.347	0.396277
43.380	0.396307
43.412	0.396338
43.447	0.396368
43.479	0.396398
43.512	0.396428
43.546	0.396458
43.579	0.396488
43.613	0.396518
43.645	0.396548
43.680	0.396579
43.713	0.396609
43.746	0.396639
43.780	0.396669
43.813	0.396699
43.846	0.396729
43.879	0.396759
43.913	0.396789
43.946	0.396819
43.979	0.396849
44.014	0.396879
44.046	0.396910
44.079	0.396940
44.112	0.396970
44.146	0.397000
44.180	0.397031
44.212	0.397061
44.246	0.397092
44.279	0.397122
44.313	0.397153
44.346	0.397183
44.380	0.397214
44.413	0.397245
44.446	0.397275
44.479	0.397306
44.514	0.397337
44.546	0.397367
44.579	0.397398
44.614	0.397429
44.646	0.397460
44.679	0.397491
44.713	0.397522
44.746	0.397553
44.779	0.397584
44.813	0.397616
44.846	0.397648
44.880	0.397679
44.913	0.397711
44.947	0.397742
44.980	0.397774
45.013	0.397806
45.047	0.397837
45.079	0.397869
45.112	0.397901
45.147	0.397933
45.179	0.397965
45.213	0.397997
45.246	0.398029
45.280	0.398061
45.313	0.398094
45.346	0.398126
45.380	0.398159
45.413	0.398192
45.446	0.398225
45.480	0.398257
45.513	0.398291
45.547	0.398324
45.579	0.398357
45.614	0.398390
45.648	0.398424
45.680	0.398457
45.713	0.398491
45.747	0.398525
45.779	0.398559
45.814	0.398594
45.847	0.398628
45.878	0.398663
45.913	0.398698
45.946	0.398733
45.979	0.398768
46.012	0.398804
46.047	0.398839
46.080	0.398874
46.112	0.398910
46.145	0.398946
46.179	0.398982
46.213	0.399017
46.246	0.399053
46.280	0.399089
46.314	0.399125
46.347	0.399161
46.379	0.399197
46.413	0.399233
46.447	0.399270
46.480	0.399306
46.513	0.399343
46.545	0.399380
46.580	0.399417
46.613	0.399455
46.647	0.399493
46.680	0.399531
46.713	0.399569
46.746	0.399608
46.779	0.399647
46.812	0.399686
46.846	0.399724
46.880	0.399764
46.914	0.399803
46.947	0.399842
46.979	0.399881
47.012	0.399920
47.046	0.399960
47.079	0.400000
47.113	0.400039
47.147	0.400080
47.180	0.400120
47.213	0.400161
47.246	0.400201
47.279	0.400241
47.313	0.400282
47.347	0.400322
47.380	0.400363
47.413	0.400404
47.446	0.400445
47.480	0.400486
47.512	0.400527
47.546	0.400568
47.579	0.400610
47.612	0.400651
47.646	0.400692
47.679	0.400734
47.713	0.400776
47.746	0.400818
47.779	0.400860
47.813	0.400902
47.846	0.400944
47.879	0.400987
47.913	0.401031
47.946	0.401076
47.979	0.401122
48.013	0.401167
48.046	0.401214
48.079	0.401261
48.113	0.401309
48.146	0.401356
48.179	0.401403
48.213	0.401451
48.246	0.401499
48.279	0.401549
48.313	0.401598
48.346	0.401647
48.380	0.401697
48.412	0.401747
48.445	0.401797
48.480	0.401846
48.512	0.401896
48.546	0.401946
48.579	0.401997
48.612	0.402049
48.646	0.402100
48.680	0.402151
48.713	0.402203
48.746	0.402255
48.779	0.402308
48.813	0.402361
48.846	0.402414
48.878	0.402468
48.914	0.402522
48.946	0.402578
48.979	0.402634
49.013	0.402692
49.047	0.402750
49.079	0.402809
49.113	0.402868
49.146	0.402928
49.179	0.402989
49.213	0.403051
49.247	0.403113
49.278	0.403175
49.312	0.403238
49.346	0.403302
49.380	0.403366
49.412	0.403431
49.446	0.403496
49.479	0.403561
49.512	0.403626
49.545	0.403691
49.578	0.403757
49.612	0.403823
49.646	0.403889
49.679	0.403956
49.712	0.404024
49.746	0.404092
49.779	0.404161
49.813	0.404232
49.846	0.404304
49.878	0.404376
49.913	0.404449
49.945	0.404523
49.978	0.404599
50.012	0.404677
50.045	0.404756
50.080	0.404837
50.112	0.404918
50.145	0.404999
50.179	0.405082
50.212	0.405167
50.246	0.405252
50.279	0.405339
50.313	0.405428
50.346	0.405517
50.379	0.405607
50.413	0.405697
50.446	0.405789
50.480	0.405882
50.513	0.405976
50.546	0.406071
50.580	0.406166
50.612	0.406261
50.645	0.406357
50.679	0.406454
50.712	0.406553
50.746	0.406652
50.778	0.406751
50.812	0.406851
50.846	0.406951
50.879	0.407052
50.913	0.407154
50.946	0.407257
50.978	0.407362
51.012	0.407466
51.045	0.407572
51.079	0.407678
51.113	0.407786
51.146	0.407895
51.179	0.408006
51.212	0.408116
51.246	0.408229
51.279	0.408342
51.312	0.408456
51.346	0.408572
51.379	0.408689
51.412	0.408807
51.444	0.408926
51.478	0.409046
51.512	0.409166
51.545	0.409287
51.578	0.409409
51.611	0.409531
51.644	0.409655
51.678	0.409780
51.711	0.409908
51.745	0.410037
51.778	0.410168
51.811	0.410302
51.845	0.410436
51.879	0.410572
51.911	0.410707
51.944	0.410843
51.979	0.410980
52.011	0.411120
52.044	0.411265
52.077	0.411411
52.110	0.411556
52.144	0.411701
52.179	0.411847
52.211	0.411993
52.245	0.412140
52.277	0.412289
52.311	0.412439
52.344	0.412603
52.377	0.412778
52.410	0.412960
52.444	0.413135
52.478	0.413295
52.510	0.413451
52.544	0.413614
52.577	0.413791
52.611	0.413974
52.644	0.414169
52.676	0.414367
52.710	0.414583
52.743	0.414811
52.777	0.415035
52.810	0.415264
52.843	0.415505
52.877	0.415736
52.909	0.415959
52.942	0.416192
52.977	0.416437
53.009	0.416707
53.042	0.416977
53.077	0.417246
53.109	0.417505
53.143	0.417753
53.175	0.418004
53.209	0.418282
53.243	0.418566
53.277	0.418852
53.310	0.419148
53.342	0.419456
53.376	0.419786
53.409	0.420121
53.443	0.420461
53.476	0.420804
53.509	0.421149
53.542	0.421492
53.576	0.421809
53.608	0.422109
53.641	0.422429
53.676	0.422784
53.709	0.423121
53.741	0.423436
53.775	0.423748
53.808	0.424073
53.841	0.424426
53.876	0.424784
53.908	0.425148
53.941	0.425534
53.975	0.425950
54.008	0.426393
54.041	0.426855
54.074	0.427344
54.108	0.427872
54.141	0.428387
54.174	0.428879
54.208	0.429316
54.242	0.429771
54.273	0.430270
54.308	0.430767
54.341	0.431264
54.374	0.431718
54.409	0.432172
54.440	0.432613
54.474	0.433054
54.507	0.433480
54.541	0.433902
54.574	0.434349
54.606	0.434806
54.640	0.435281
54.673	0.435789
54.708	0.436326
54.740	0.436790
54.773	0.437244
54.806	0.437738
54.840	0.438245
54.873	0.438766
54.906	0.439279
54.940	0.439810
54.973	0.440309
55.006	0.440827
55.039	0.441311
55.072	0.441824
55.105	0.442337
55.139	0.442834
55.172	0.443331
55.205	0.443844
55.238	0.444399
55.271	0.444964
55.304	0.445509
55.338	0.446080
55.371	0.446658
55.405	0.447214
55.439	0.447712
55.471	0.448198
55.505	0.448757
55.537	0.449324
55.570	0.449881
55.604	0.450426
55.638	0.450929
55.672	0.451437
55.704	0.451987
55.736	0.452473
55.771	0.452955
55.803	0.453489
55.837	0.454008
55.870	0.454534
55.903	0.455051
55.937	0.455581
55.970	0.456122
56.004	0.456706
56.036	0.457228
56.070	0.457710
56.102	0.458239
56.136	0.458809
56.169	0.459410
56.202	0.459980
56.236	0.460496
56.269	0.461014
56.302	0.461597
56.336	0.462186
56.369	0.462720
56.401	0.463218
56.435	0.463722
56.468	0.464209
56.502	0.464677
56.535	0.465136
56.567	0.465632
56.602	0.466111
56.635	0.466544
56.668	0.466989
56.701	0.467448
56.734	0.467886
56.767	0.468300
56.801	0.468714
56.835	0.469137
56.866	0.469565
56.901	0.469967
56.933	0.470363
56.967	0.470760
57.000	0.471195
57.033	0.471606
57.067	0.471968
57.100	0.472342
57.134	0.472748
57.167	0.473172
57.199	0.473612
57.234	0.474007
57.266	0.474370
57.299	0.474709
57.333	0.475060
57.366	0.475408
57.399	0.475747
57.433	0.476113
57.466	0.476474
57.499	0.476821
57.533	0.477159
57.567	0.477504
57.599	0.477851
57.632	0.478208
57.665	0.478533
57.699	0.478823
57.731	0.479088
57.766	0.479359
57.799	0.479624
57.832	0.479855
57.865	0.480074
57.899	0.480288
57.932	0.480498
57.965	0.480691
57.999	0.480874
58.032	0.481051
58.064	0.481226
58.098	0.481398
58.132	0.481571
58.165	0.481753
58.198	0.481931
58.231	0.482096
58.265	0.482251
58.298	0.482402
58.332	0.482551
58.364	0.482686
58.398	0.482804
58.432	0.482920
58.463	0.483034
58.497	0.483148
58.531	0.483262
58.565	0.483375
58.598	0.483488
58.631	0.483600
58.665	0.483711
58.697	0.483821
58.731	0.483931
58.765	0.484039
58.798	0.484148
58.831	0.484256
58.865	0.484364
58.897	0.484471
58.931	0.484577
58.965	0.484682
58.998	0.484786
59.031	0.484889
59.065	0.484991
59.098	0.485092
59.130	0.485192
59.164	0.485292
59.199	0.485390
59.230	0.485488
59.265	0.485584
59.298	0.485679
59.331	0.485774
59.365	0.485867
59.398	0.485959
59.431	0.486050
59.465	0.486140
59.498	0.486228
59.531	0.486316
59.564	0.486402
59.598	0.486487
59.631	0.486572
59.664	0.486654
59.698	0.486736
59.731	0.486817
59.764	0.486896
59.798	0.486975
59.832	0.487052
59.864	0.487128
59.898	0.487203
59.931	0.487277
59.965	0.487349
59.998	0.487421
60.031	0.487492
60.065	0.487561
60.100	0.487629
60.131	0.487697
60.165	0.487763
60.199	0.487828
60.232	0.487892
60.266	0.487955
60.299	0.488017
60.332	0.488078
60.365	0.488137
60.398	0.488196
60.432	0.488253
60.465	0.488309
60.498	0.488363
60.532	0.488417
60.565	0.488469
60.597	0.488519
60.632	0.488566
60.665	0.488613
60.698	0.488659
60.733	0.488704
60.765	0.488748
60.799	0.488791
60.832	0.488832
60.865	0.488872
60.899	0.488912
60.932	0.488950
60.964	0.488988
60.999	0.489024
61.032	0.489059
61.066	0.489094
61.099	0.489127
61.132	0.489159
61.165	0.489190
61.199	0.489220
61.232	0.489249
61.266	0.489276
61.300	0.489303
61.333	0.489330
61.366	0.489355
61.399	0.489380
61.433	0.489404
61.466	0.489427
61.500	0.489450
61.533	0.489471
61.565	0.489492
61.598	0.489512
61.632	0.489531
61.666	0.489549
61.699	0.489566
61.733	0.489583
61.767	0.489599
61.800	0.489614
61.833	0.489629
61.866	0.489643
61.900	0.489656
61.933	0.489669
61.966	0.489682
62.000	0.489694
62.032	0.489705
62.066	0.489716
62.100	0.489726
62.131	0.489736
62.166	0.489745
62.199	0.489753
62.232	0.489762
62.266	0.489769
62.299	0.489777
62.333	0.489783
62.367	0.489790
62.399	0.489796
62.433	0.489801
62.466	0.489806
62.499	0.489811
62.533	0.489816
62.565	0.489819
62.599	0.489823
62.633	0.489826
62.665	0.489829
62.699	0.489832
62.732	0.489834
62.765	0.489836
62.799	0.489837
62.832	0.489838
62.866	0.489839
62.899	0.489840
62.932	0.489840
62.966	0.489840
62.999	0.489840
63.032	0.489839
63.066	0.489839
63.099	0.489838
63.133	0.489837
63.165	0.489836
63.200	0.489834
63.233	0.489833
63.266	0.489831
63.300	0.489829
63.333	0.489827
63.366	0.489826
63.399	0.489823
63.433	0.489821
63.466	0.489819
63.499	0.489816
63.533	0.489814
63.567	0.489811
63.600	0.489808
63.633	0.489806
63.666	0.489803
63.700	0.489800
63.733	0.489796
63.766	0.489793
63.800	0.489790
63.832	0.489787
63.866	0.489783
63.899	0.489780
63.932	0.489776
63.966	0.489773
64.000	0.489769
64.032	0.489766
64.066	0.489762
64.099	0.489759
64.133	0.489755
64.167	0.489752
64.200	0.489749
64.233	0.489745
64.266	0.489742
64.300	0.489739
64.333	0.489736
64.366	0.489732
64.401	0.489729
64.433	0.489726
64.466	0.489723
64.499	0.489720
64.533	0.489717
64.566	0.489715
64.600	0.489712
64.633	0.489710
64.666	0.489707
64.699	0.489705
64.733	0.489703
64.766	0.489700
64.799	0.489698
64.833	0.489696
64.866	0.489694
64.900	0.489693
64.934	0.489691
64.967	0.489689
65.000	0.489687
65.033	0.489686
65.067	0.489685
65.100	0.489684
65.133	0.489683
65.167	0.489682
65.200	0.489681
65.233	0.489681
65.266	0.489681
65.300	0.489680
65.333	0.489680
65.366	0.489681
65.400	0.489681
65.433	0.489681
65.467	0.489682
65.499	0.489683
65.533	0.489684
65.567	0.489685
65.600	0.489686
65.633	0.489687
65.667	0.489688
65.700	0.489690
65.733	0.489692
65.766	0.489693
65.800	0.489695
65.833	0.489697
65.867	0.489700
65.900	0.489702
65.933	0.489705
65.967	0.489708
66.000	0.489711
66.033	0.489714
66.067	0.489718
66.099	0.489721
66.134	0.489725
66.167	0.489729
66.199	0.489734
66.233	0.489738
66.266	0.489743
66.300	0.489748
66.334	0.489753
66.367	0.489758
66.400	0.489764
66.434	0.489769
66.467	0.489775
66.500	0.489781
66.534	0.489787
66.567	0.489793
66.600	0.489799
66.633	0.489806
66.667	0.489813
66.701	0.489820
66.734	0.489827
66.767	0.489834
66.800	0.489841
66.833	0.489849
66.866	0.489857
66.899	0.489864
66.933	0.489872
66.966	0.489880
67.000	0.489888
67.034	0.489897
67.066	0.489905
67.100	0.489914
67.133	0.489923
67.166	0.489931
67.200	0.489940
67.234	0.489949
67.266	0.489958
67.300	0.489968
67.334	0.489977
67.367	0.489987
67.400	0.489996
67.432	0.490006
67.467	0.490016
67.500	0.490026
67.533	0.490036
67.567	0.490046
67.600	0.490057
67.634	0.490067
67.666	0.490078
67.700	0.490089
67.734	0.490099
67.766	0.490110
67.800	0.490121
67.835	0.490132
67.867	0.490143
67.900	0.490155
67.933	0.490166
67.966	0.490177
68.000	0.490189
68.033	0.490201
68.067	0.490212
68.100	0.490224
68.133	0.490236
68.167	0.490247
68.200	0.490259
68.233	0.490271
68.267	0.490283
68.300	0.490295
68.334	0.490307
68.367	0.490319
68.400	0.490331
68.434	0.490343
68.466	0.490356
68.501	0.490368
68.533	0.490381
68.566	0.490393
68.600	0.490406
68.634	0.490418
68.667	0.490431
68.700	0.490443
68.734	0.490456
68.766	0.490469
68.799	0.490482
68.834	0.490495
68.867	0.490508
68.901	0.490521
68.933	0.490534
68.966	0.490547
69.001	0.490561
69.034	0.490574
69.067	0.490588
69.100	0.490601
69.133	0.490615
69.167	0.490629
69.200	0.490642
69.233	0.490656
69.267	0.490670
69.300	0.490684
69.333	0.490698
69.367	0.490712
69.400	0.490726
69.434	0.490740
69.466	0.490754
69.500	0.490768
69.534	0.490783
69.567	0.490797
69.601	0.490811
69.632	0.490826
69.668	0.490840
69.699	0.490854
69.733	0.490868
69.766	0.490882
69.800	0.490897
69.834	0.490911
69.867	0.490925
69.901	0.490940
69.934	0.490954
69.967	0.490968
70.001	0.490982
70.033	0.490997
70.066	0.491011
70.100	0.491025
70.133	0.491039
70.166	0.491053
70.200	0.491067
70.233	0.491082
70.266	0.491096
70.301	0.491110
70.333	0.491124
70.366	0.491138
70.401	0.491152
70.434	0.491167
70.467	0.491181
70.501	0.491195
70.533	0.491209
70.567	0.491224
70.599	0.491238
70.634	0.491253
70.667	0.491267
70.701	0.491281
70.734	0.491295
70.766	0.491309
70.800	0.491324
70.834	0.491338
70.867	0.491352
70.900	0.491366
70.934	0.491380
70.967	0.491394
71.000	0.491408
71.033	0.491422
71.068	0.491436
71.101	0.491450
71.134	0.491464
71.167	0.491478
71.200	0.491492
71.234	0.491506
71.268	0.491519
71.300	0.491533
71.334	0.491546
71.368	0.491560
71.401	0.491573
71.434	0.491587
71.467	0.491600
71.501	0.491614
71.534	0.491627
71.568	0.491640
71.600	0.491653
71.634	0.491666
71.667	0.491679
71.701	0.491692
71.734	0.491705
71.768	0.491718
71.801	0.491731
71.833	0.491743
71.868	0.491756
71.901	0.491769
71.934	0.491781
71.968	0.491794
72.001	0.491807
72.035	0.491819
72.068	0.491832
72.101	0.491844
72.134	0.491856
72.167	0.491869
72.200	0.491881
72.234	0.491893
72.267	0.491906
72.301	0.491917
72.334	0.491929
72.368	0.491941
72.401	0.491953
72.435	0.491964
72.468	0.491976
72.501	0.491988
72.535	0.491999
72.567	0.492011
72.602	0.492022
72.635	0.492033
72.668	0.492044
72.701	0.492055
72.734	0.492066
72.768	0.492077
72.802	0.492088
72.835	0.492099
72.868	0.492110
72.901	0.492121
72.935	0.492131
72.968	0.492142
73.001	0.492152
73.034	0.492163
73.068	0.492173
73.101	0.492184
73.134	0.492194
73.168	0.492204
73.201	0.492214
73.234	0.492224
73.268	0.492234
73.302	0.492243
73.335	0.492253
73.368	0.492262
73.401	0.492272
73.435	0.492281
73.468	0.492290
73.501	0.492299
73.535	0.492309
73.569	0.492318
73.601	0.492326
73.635	0.492336
73.668	0.492344
73.701	0.492353
73.735	0.492361
73.768	0.492370
73.802	0.492378
73.835	0.492386
73.868	0.492394
73.901	0.492402
73.936	0.492410
73.968	0.492418
74.001	0.492426
74.034	0.492433
74.069	0.492441
74.101	0.492448
74.135	0.492455
74.168	0.492462
74.202	0.492469
74.235	0.492476
74.268	0.492483
74.302	0.492490
74.336	0.492497
74.369	0.492504
74.402	0.492510
74.435	0.492516
74.468	0.492523
74.501	0.492529
74.535	0.492535
74.568	0.492541
74.602	0.492547
74.635	0.492553
74.669	0.492559
74.702	0.492564
74.736	0.492570
74.769	0.492575
74.802	0.492580
74.836	0.492585
74.869	0.492590
74.903	0.492595
74.936	0.492600
74.969	0.492604
75.002	0.492609
75.036	0.492613
75.069	0.492618
75.103	0.492622
75.135	0.492626
75.168	0.492630
75.202	0.492633
75.236	0.492637
75.268	0.492641
75.303	0.492644
75.336	0.492647
75.369	0.492650
75.402	0.492653
75.435	0.492656
75.469	0.492658
75.502	0.492661
75.536	0.492663
75.569	0.492666
75.603	0.492668
75.636	0.492669
75.669	0.492671
75.703	0.492672
75.736	0.492674
75.768	0.492675
75.802	0.492676
75.836	0.492677
75.869	0.492677
75.902	0.492678
75.935	0.492678
75.968	0.492679
76.002	0.492679
76.036	0.492679
76.069	0.492679
76.103	0.492678
76.135	0.492678
76.169	0.492677
76.203	0.492677
76.236	0.492676
76.269	0.492675
76.303	0.492674
76.336	0.492673
76.369	0.492671
76.402	0.492670
76.436	0.492668
76.470	0.492666
76.503	0.492663
76.535	0.492661
76.568	0.492658
76.603	0.492655
76.636	0.492652
76.669	0.492649
76.702	0.492646
76.737	0.492642
76.770	0.492639
76.803	0.492635
76.837	0.492631
76.869	0.492627
76.904	0.492623
76.937	0.492618
76.969	0.492613
77.002	0.492608
77.036	0.492603
77.069	0.492598
77.104	0.492592
77.137	0.492586
77.170	0.492580
77.202	0.492573
77.236	0.492566
77.270	0.492559
77.303	0.492551
77.336	0.492543
77.369	0.492535
77.403	0.492527
77.436	0.492518
77.470	0.492509
77.503	0.492500
77.537	0.492491
77.570	0.492481
77.603	0.492471
77.637	0.492459
77.670	0.492447
77.703	0.492434
77.737	0.492421
77.770	0.492408
77.804	0.492395
77.837	0.492382
77.871	0.492368
77.904	0.492354
77.937	0.492339
77.970	0.492325
78.003	0.492310
78.037	0.492295
78.071	0.492279
78.104	0.492262
78.137	0.492244
78.170	0.492225
78.204	0.492205
78.237	0.492184
78.270	0.492163
78.304	0.492141
78.337	0.492119
78.371	0.492096
78.404	0.492073
78.437	0.492049
78.470	0.492025
78.504	0.492001
78.538	0.491975
78.571	0.491949
78.604	0.491923
78.637	0.491896
78.670	0.491869
78.704	0.491841
78.738	0.491812
78.771	0.491781
78.804	0.491750
78.837	0.491718
78.871	0.491684
78.905	0.491649
78.938	0.491614
78.971	0.491577
79.005	0.491539
79.038	0.491500
79.072	0.491460
79.104	0.491418
79.138	0.491376
79.172	0.491332
79.205	0.491288
79.238	0.491243
79.272	0.491197
79.305	0.491150
79.338	0.491103
79.372	0.491054
79.405	0.491003
79.439	0.490952
79.471	0.490899
79.505	0.490844
79.538	0.490787
79.571	0.490729
79.604	0.490670
79.638	0.490610
79.672	0.490548
79.705	0.490483
79.737	0.490418
79.772	0.490351
79.806	0.490283
79.838	0.490214
79.873	0.490142
79.905	0.490068
79.939	0.489994
79.973	0.489919
80.006	0.489842
80.039	0.489765
80.073	0.489687
80.106	0.489608
80.139	0.489529
80.172	0.489449
80.206	0.489368
80.240	0.489286
80.272	0.489201
80.306	0.489116
80.340	0.489029
80.373	0.488942
80.406	0.488855
80.440	0.488766
80.473	0.488677
80.505	0.488588
80.539	0.488497
80.573	0.488406
80.606	0.488314
80.641	0.488219
80.672	0.488124
80.707	0.488028
80.740	0.487930
80.774	0.487832
80.807	0.487733
80.839	0.487634
80.873	0.487534
80.907	0.487432
80.940	0.487330
80.974	0.487227
81.006	0.487123
81.041	0.487018
81.073	0.486912
81.107	0.486805
81.140	0.486697
81.173	0.486588
81.206	0.486476
81.240	0.486364
81.274	0.486252
81.308	0.486137
81.341	0.486021
81.374	0.485903
81.408	0.485786
81.441	0.485668
81.474	0.485549
81.507	0.485431
81.541	0.485311
81.574	0.485191
81.609	0.485071
81.642	0.484949
81.674	0.484827
81.708	0.484706
81.742	0.484584
81.774	0.484462
81.808	0.484338
81.841	0.484211
81.875	0.484082
81.908	0.483954
81.941	0.483824
81.975	0.483693
82.008	0.483561
82.042	0.483426
82.075	0.483291
82.108	0.483154
82.142	0.483015
82.175	0.482873
82.209	0.482729
82.242	0.482585
82.275	0.482440
82.309	0.482295
82.342	0.482150
82.375	0.482006
82.409	0.481861
82.441	0.481716
82.475	0.481571
82.508	0.481424
82.543	0.481276
82.576	0.481127
82.608	0.480976
82.643	0.480821
82.675	0.480662
82.709	0.480503
82.743	0.480341
82.776	0.480176
82.810	0.480017
82.843	0.479853
82.876	0.479667
82.909	0.479463
82.944	0.479261
82.977	0.479067
83.010	0.478887
83.043	0.478714
83.077	0.478543
83.109	0.478378
83.144	0.478200
83.178	0.478012
83.211	0.477820
83.244	0.477611
83.277	0.477403
83.311	0.477189
83.344	0.476977
83.377	0.476759
83.411	0.476521
83.444	0.476263
83.477	0.475989
83.511	0.475665
83.544	0.475324
83.578	0.474988
83.611	0.474651
83.645	0.474321
83.678	0.474001
83.712	0.473674
83.744	0.473311
83.778	0.472923
83.811	0.472549
83.845	0.472146
83.879	0.471750
83.911	0.471334
83.944	0.470836
83.978	0.470302
84.011	0.469746
84.046	0.469230
84.078	0.468718
84.112	0.468211
84.145	0.467702
84.178	0.467198
84.211	0.466679
84.246	0.466151
84.280	0.465610
84.313	0.465037
84.345	0.464443
84.380	0.463861
84.413	0.463254
84.447	0.462660
84.479	0.462038
84.514	0.461358
84.547	0.460690
84.580	0.460018
84.613	0.459348
84.647	0.458707
84.681	0.457999
84.714	0.457232
84.748	0.456477
84.781	0.455663
84.814	0.454806
84.848	0.454002
84.881	0.453245
84.915	0.452396
84.948	0.451476
84.982	0.450659
85.015	0.449842
85.048	0.448818
85.083	0.447804
85.116	0.446742
85.150	0.445726
85.182	0.444730
85.215	0.443843
85.249	0.442896
85.282	0.441909
85.316	0.440980
85.350	0.440002
85.384	0.438951
85.417	0.437791
85.451	0.436696
85.484	0.435632
85.517	0.434556
85.551	0.433416
85.585	0.432296
85.619	0.431100
85.652	0.429788
85.685	0.428747
85.718	0.427602
85.753	0.426313
85.786	0.425035
85.819	0.423671
85.853	0.422190
85.887	0.420739
85.920	0.419274
85.954	0.417689
85.987	0.416314
86.022	0.414947
86.055	0.413456
86.089	0.412043
86.122	0.410506
86.156	0.408887
86.189	0.407308
86.224	0.405578
86.257	0.403910
86.291	0.402325
86.325	0.400696
86.358	0.398913
86.392	0.396978
86.425	0.395061
86.459	0.392923
86.493	0.390957
86.526	0.388974
86.560	0.386910
86.593	0.384861
86.628	0.382796
86.662	0.380351
86.696	0.378189
86.728	0.375717
86.763	0.373349
86.797	0.371249
86.831	0.369020
86.865	0.366333
86.898	0.363719
86.933	0.361282
86.965	0.358473
87.000	0.355644
87.035	0.352745
87.068	0.350050
87.102	0.347435
87.135	0.343986
87.169	0.341099
87.203	0.338014
87.238	0.335181
87.271	0.331821
87.305	0.328423
87.339	0.325001
87.373	0.321689
87.408	0.318022
87.441	0.314555
87.475	0.311213
87.509	0.307312
87.544	0.303312
87.578	0.299594
87.611	0.295432
87.646	0.291419
87.680	0.287549
87.714	0.283043
87.749	0.278503
87.782	0.274402
87.816	0.269935
87.851	0.265230
87.886	0.260702
87.919	0.255748
87.953	0.251054
87.988	0.245771
88.022	0.240705
88.057	0.235236
88.091	0.229912
88.126	0.224427
88.160	0.219084
88.195	0.213288
88.229	0.207746
88.263	0.201717
88.299	0.195592
88.333	0.189370
88.367	0.183403
88.402	0.176827
88.437	0.170161
88.471	0.163864
88.506	0.156735
88.541	0.149683
88.575	0.142669
88.610	0.135573
88.645	0.128229
88.680	0.120863
88.714	0.113323
88.750	0.105625
88.785	0.097724
88.819	0.089687
88.854	0.081578
88.889	0.073142
88.924	0.064512
88.959	0.055871
88.994	0.047438
89.030	0.038480
89.066	0.029426
89.100	0.020392
89.134	0.010902
89.171	0.001422
89.205	-0.008165
89.241	-0.017718
89.276	-0.027752
89.310	-0.037467
89.346	-0.047689
89.382	-0.058143
89.417	-0.068782
89.453	-0.079166
89.488	-0.089985
89.524	-0.100748
89.560	-0.112006
89.595	-0.122957
89.629	-0.134157
89.666	-0.145456
89.701	-0.156995
89.737	-0.168563
89.772	-0.180205
89.809	-0.192081
89.844	-0.203938
89.880	-0.215725
89.915	-0.227910
89.951	-0.239977
89.987	-0.251781
90.023	-0.263874
90.059	-0.276243
90.094	-0.288813
90.130	-0.301224
90.165	-0.313822
90.202	-0.326253
90.237	-0.338536
90.274	-0.351101
90.309	-0.363434
90.345	-0.375755
90.380	-0.388571
90.417	-0.401011
90.452	-0.413095
90.488	-0.425527
90.523	-0.437658
90.559	-0.449765
90.595	-0.461555
90.630	-0.473532
90.666	-0.485271
90.701	-0.496873
90.737	-0.508038
90.772	-0.519281
90.808	-0.530393
90.844	-0.541202
90.879	-0.551924
90.915	-0.562317
90.949	-0.572539
90.985	-0.582402
91.019	-0.591830
91.055	-0.601376
91.091	-0.610192
91.125	-0.618888
91.160	-0.627089
91.195	-0.635055
91.229	-0.642651
91.265	-0.649772
91.300	-0.656396
91.333	-0.662765
91.369	-0.668749
91.403	-0.674012
91.437	-0.679039
91.471	-0.683466
91.505	-0.687688
91.540	-0.691280
91.574	-0.694299
91.607	-0.697228
91.642	-0.699390
91.675	-0.700827
91.709	-0.701969
91.743	-0.702449
91.775	-0.702826
91.808	-0.702302
91.842	-0.701364
91.875	-0.700118
91.907	-0.698173
91.941	-0.695447
91.973	-0.692269
92.006	-0.688663
92.038	-0.684687
92.072	-0.680036
92.104	-0.675111
92.136	-0.669380
92.167	-0.663606
92.199	-0.657197
92.231	-0.650206
92.264	-0.642588
92.295	-0.635027
92.327	-0.626792
92.359	-0.618066
92.390	-0.609050
92.422	-0.599772
92.453	-0.589884
92.484	-0.579720
92.516	-0.569011
92.547	-0.558604
92.578	-0.547645
92.609	-0.536158
92.640	-0.524521
92.671	-0.512461
92.702	-0.500263
92.733	-0.488134
92.764	-0.475550
92.794	-0.463057
92.825	-0.450068
92.857	-0.437281
92.887	-0.424298
92.918	-0.411144
92.948	-0.397706
92.979	-0.384572
93.010	-0.371041
93.041	-0.357446
93.072	-0.343780
93.102	-0.330506
93.133	-0.316867
93.164	-0.303262
93.194	-0.289831
93.225	-0.276216
93.256	-0.262883
93.287	-0.249656
93.317	-0.236327
93.349	-0.222962
93.379	-0.209840
93.409	-0.196914
93.439	-0.184155
93.472	-0.171188
93.503	-0.159044
93.533	-0.146509
93.564	-0.134246
93.595	-0.121847
93.626	-0.109842
93.656	-0.098012
93.687	-0.085900
93.719	-0.074492
93.750	-0.063121
93.780	-0.052042
93.812	-0.040891
93.843	-0.030303
93.875	-0.019543
93.905	-0.008874
93.937	0.001432
93.969	0.011521
94.001	0.021398
94.032	0.031456
94.063	0.040810
94.095	0.050268
94.126	0.059347
94.157	0.068388
94.190	0.076876
94.221	0.085663
94.253	0.094083
94.284	0.102223
94.317	0.110242
94.347	0.118077
94.379	0.125916
94.411	0.133503
94.442	0.140608
94.475	0.147931
94.508	0.154865
94.539	0.161553
94.571	0.168314
94.604	0.174894
94.635	0.181250
94.668	0.187417
94.700	0.193584
94.732	0.199629
94.764	0.205223
94.797	0.211011
94.829	0.216223
94.861	0.221460
94.893	0.226613
94.926	0.231854
94.958	0.236637
94.990	0.241582
95.023	0.246241
95.056	0.250770
95.088	0.254962
95.120	0.259549
95.153	0.263792
95.186	0.267695
95.218	0.271841
95.251	0.275962
95.284	0.279256
95.316	0.282851
95.349	0.286908
95.381	0.290329
95.414	0.293782
95.447	0.297054
95.480	0.300196
95.512	0.303288
95.545	0.306436
95.577	0.309609
95.611	0.312346
95.643	0.315174
95.675	0.317945
95.710	0.320578
95.742	0.323221
95.774	0.325803
95.808	0.328121
95.840	0.330634
95.874	0.332965
95.906	0.335114
95.939	0.337488
95.971	0.339747
96.004	0.341847
96.037	0.343479
96.071	0.345692
96.104	0.347646
96.137	0.349777
96.169	0.351475
96.203	0.353132
96.235	0.354863
96.269	0.356891
96.302	0.358283
96.333	0.359752
96.367	0.361549
96.400	0.362877
96.434	0.364424
96.466	0.365484
96.500	0.367142
96.532	0.368484
96.566	0.369833
96.599	0.371120
96.633	0.372433
96.665	0.373493
96.699	0.374668
96.731	0.375982
96.764	0.377257
96.797	0.378347
96.830	0.379236
96.864	0.380116
96.897	0.381181
96.930	0.382310
96.964	0.383169
96.997	0.383950
97.029	0.384843
97.063	0.385848
97.096	0.386702
97.129	0.387591
97.162	0.388463
97.195	0.389311
97.228	0.390080
97.261	0.390737
97.293	0.391468
97.329	0.392174
97.361	0.392845
97.395	0.393444
97.428	0.394070
97.460	0.394738
97.494	0.395282
97.528	0.395923
97.560	0.396504
97.594	0.397178
97.626	0.397798
97.660	0.398377
97.694	0.398898
97.726	0.399443
97.760	0.399981
97.794	0.400475
97.826	0.400933
97.859	0.401464
97.893	0.401991
97.926	0.402463
97.959	0.403012
97.992	0.403498
98.025	0.403906
98.059	0.404312
98.093	0.404707
98.125	0.405117
98.159	0.405451
98.192	0.405777
98.225	0.406145
98.259	0.406499
98.291	0.406822
98.325	0.407131
98.358	0.407429
98.391	0.407761
98.424	0.408094
98.457	0.408394
98.491	0.408690
98.524	0.408992
98.558	0.409298
98.591	0.409601
98.625	0.409889
98.658	0.410171
98.691	0.410453
98.724	0.410705
98.757	0.410944
98.790	0.411185
98.824	0.411434
98.857	0.411678
98.890	0.411908
98.924	0.412144
98.958	0.412384
98.990	0.412624
99.023	0.412870
99.057	0.413086
99.090	0.413275
99.123	0.413486
99.156	0.413704
99.191	0.413897
99.222	0.414075
99.257	0.414245
99.290	0.414403
99.324	0.414558
99.356	0.414709
99.390	0.414868
99.423	0.415035
99.457	0.415204
99.489	0.415368
99.523	0.415527
99.556	0.415679
99.590	0.415825
99.623	0.415961
99.656	0.416106
99.690	0.416244
99.723	0.416388
99.755	0.416524
99.789	0.416648
99.821	0.416767
99.855	0.416881
99.889	0.416998
99.922	0.417114
99.956	0.417228
99.989	0.417342
100.022	0.417457
100.055	0.417572
100.088	0.417689
100.121	0.417807
100.156	0.417927
100.189	0.418048
100.222	0.418169
100.255	0.418291
100.289	0.418413
100.321	0.418536
100.355	0.418660
100.389	0.418786
100.423	0.418913
100.456	0.419040
100.489	0.419168
100.522	0.419295
100.555	0.419423
100.589	0.419552
100.621	0.419682
100.655	0.419812
100.689	0.419941
100.722	0.420071
100.756	0.420201
100.788	0.420331
100.822	0.420462
100.855	0.420592
100.889	0.420722
100.922	0.420852
100.956	0.420981
100.989	0.421110
101.022	0.421240
101.055	0.421371
101.088	0.421501
101.121	0.421632
101.155	0.421763
101.189	0.421894
101.222	0.422024
101.255	0.422154
101.288	0.422284
101.321	0.422414
101.354	0.422544
101.388	0.422674
101.421	0.422804
101.455	0.422934
101.488	0.423063
101.521	0.423193
101.555	0.423324
101.588	0.423454
101.622	0.423583
101.655	0.423712
101.688	0.423841
101.721	0.423970
101.756	0.424099
101.788	0.424229
101.822	0.424357
101.855	0.424486
101.888	0.424614
101.921	0.424742
101.954	0.424869
101.989	0.424995
102.022	0.425121
102.054	0.425245
102.088	0.425369
102.122	0.425492
102.155	0.425614
102.189	0.425736
102.222	0.425856
102.255	0.425977
102.288	0.426098
102.322	0.426219
102.355	0.426339
102.389	0.426458
102.422	0.426577
102.454	0.426695
102.488	0.426812
102.522	0.426930
102.555	0.427047
102.587	0.427163
102.621	0.427279
102.654	0.427394
102.689	0.427508
102.722	0.427621
102.754	0.427733
102.788	0.427844
102.822	0.427954
102.854	0.428064
102.888	0.428173
102.921	0.428283
102.956	0.428393
102.989	0.428503
103.021	0.428614
103.055	0.428723
103.088	0.428833
103.121	0.428942
103.155	0.429051
103.188	0.429158
103.221	0.429265
103.254	0.429371
103.288	0.429476
103.321	0.429581
103.355	0.429684
103.388	0.429787
103.422	0.429889
103.455	0.429990
103.488	0.430091
103.521	0.430191
103.554	0.430292
103.588	0.430392
103.622	0.430492
103.654	0.430591
103.688	0.430689
103.721	0.430787
103.755	0.430883
103.788	0.430979
103.822	0.431075
103.855	0.431170
103.888	0.431264
103.921	0.431357
103.956	0.431450
103.989	0.431542
104.020	0.431633
104.054	0.431724
104.088	0.431814
104.121	0.431903
104.155	0.431993
104.188	0.432083
104.221	0.432173
104.254	0.432262
104.288	0.432352
104.321	0.432442
104.355	0.432531
104.387	0.432620
104.421	0.432708
104.454	0.432797
104.489	0.432884
104.520	0.432972
104.554	0.433059
104.588	0.433146
104.622	0.433231
104.655	0.433317
104.688	0.433402
104.721	0.433486
104.755	0.433571
104.788	0.433654
104.822	0.433739
104.855	0.433823
104.888	0.433907
104.921	0.433990
104.954	0.434073
104.988	0.434156
105.021	0.434238
105.054	0.434319
105.088	0.434400
105.121	0.434481
105.154	0.434561
105.187	0.434641
105.222	0.434721
105.255	0.434801
105.288	0.434880
105.320	0.434959
105.353	0.435038
105.387	0.435116
105.420	0.435194
105.454	0.435272
105.487	0.435350
105.521	0.435427
105.554	0.435505
105.588	0.435582
105.621	0.435658
105.655	0.435735
105.688	0.435811
105.722	0.435887
105.754	0.435964
105.789	0.436040
105.822	0.436116
105.854	0.436191
105.888	0.436267
105.921	0.436342
105.954	0.436418
105.988	0.436494
106.022	0.436570
106.054	0.436645
106.088	0.436720
106.121	0.436794
106.154	0.436869
106.188	0.436942
106.221	0.437016
106.255	0.437089
106.288	0.437162
106.322	0.437234
106.355	0.437306
106.388	0.437378
106.422	0.437449
106.454	0.437520
106.487	0.437590
106.521	0.437660
106.554	0.437730
106.588	0.437799
106.621	0.437869
106.654	0.437937
106.687	0.438006
106.721	0.438074
106.755	0.438142
106.788	0.438209
106.821	0.438277
106.855	0.438344
106.887	0.438411
106.921	0.438477
106.954	0.438544
106.987	0.438610
107.020	0.438676
107.054	0.438741
107.088	0.438806
107.121	0.438871
107.154	0.438936
107.187	0.439000
107.221	0.439064
107.255	0.439128
107.287	0.439191
107.321	0.439254
107.354	0.439317
107.388	0.439379
107.421	0.439441
107.454	0.439503
107.487	0.439565
107.521	0.439627
107.554	0.439688
107.587	0.439749
107.621	0.439811
107.655	0.439872
107.688	0.439933
107.721	0.439993
107.755	0.440054
107.788	0.440114
107.822	0.440174
107.855	0.440234
107.887	0.440293
107.921	0.440353
107.954	0.440413
107.988	0.440472
108.021	0.440532
108.055	0.440591
108.088	0.440649
108.121	0.440708
108.154	0.440766
108.188	0.440824
108.221	0.440882
108.255	0.440940
108.287	0.440997
108.321	0.441055
108.355	0.441113
108.387	0.441170
108.421	0.441227
108.454	0.441284
108.488	0.441341
108.521	0.441398
108.556	0.441455
108.588	0.441511
108.621	0.441568
108.655	0.441624
108.687	0.441680
108.722	0.441736
108.754	0.441792
108.787	0.441848
108.820	0.441904
108.854	0.441959
108.888	0.442015
108.921	0.442070
108.954	0.442125
108.988	0.442180
109.021	0.442234
109.055	0.442289
109.087	0.442343
109.121	0.442398
109.154	0.442453
109.187	0.442507
109.221	0.442561
109.254	0.442615
109.287	0.442669
109.321	0.442723
109.355	0.442776
109.388	0.442830
109.421	0.442883
109.455	0.442936
109.487	0.442989
109.521	0.443041
109.555	0.443094
109.587	0.443146
109.621	0.443199
109.653	0.443251
109.688	0.443303
109.720	0.443355
109.755	0.443407
109.788	0.443459
109.821	0.443510
109.854	0.443562
109.888	0.443614
109.920	0.443665
109.954	0.443716
109.987	0.443768
110.021	0.443819
110.054	0.443870
110.088	0.443921
110.121	0.443971
110.154	0.444022
110.187	0.444072
110.221	0.444122
110.255	0.444172
110.288	0.444223
110.321	0.444272
110.355	0.444322
110.388	0.444372
110.421	0.444422
110.455	0.444471
110.487	0.444520
110.522	0.444569
110.555	0.444619
110.588	0.444667
110.621	0.444716
110.654	0.444765
110.687	0.444814
110.721	0.444862
110.754	0.444911
110.788	0.444959
110.821	0.445008
110.854	0.445056
110.888	0.445104
110.920	0.445152
110.954	0.445200
110.988	0.445248
111.020	0.445295
111.054	0.445342
111.088	0.445390
111.120	0.445437
111.154	0.445484
111.187	0.445532
111.220	0.445579
111.255	0.445625
111.287	0.445672
111.322	0.445719
111.354	0.445765
111.388	0.445811
111.421	0.445857
111.455	0.445904
111.487	0.445950
111.521	0.445996
111.554	0.446042
111.588	0.446089
111.621	0.446134
111.654	0.446181
111.689	0.446227
111.721	0.446273
111.754	0.446318
111.787	0.446364
111.821	0.446410
111.855	0.446455
111.888	0.446501
111.921	0.446546
111.954	0.446591
111.987	0.446636
112.021	0.446681
112.054	0.446726
112.088	0.446771
112.121	0.446816
112.155	0.446861
112.189	0.446905
112.222	0.446949
112.255	0.446994
112.288	0.447038
112.321	0.447082
112.354	0.447127
112.387	0.447171
112.421	0.447215
112.455	0.447259
112.488	0.447303
112.521	0.447347
112.554	0.447391
112.588	0.447434
112.621	0.447478
112.654	0.447522
112.688	0.447566
112.721	0.447609
112.754	0.447653
112.788	0.447696
112.821	0.447739
112.854	0.447782
112.888	0.447826
112.921	0.447869
112.954	0.447912
112.989	0.447955
113.022	0.447998
113.055	0.448041
113.087	0.448084
113.121	0.448127
113.155	0.448169
113.189	0.448212
113.221	0.448255
113.254	0.448298
113.288	0.448340
113.321	0.448383
113.354	0.448425
113.388	0.448468
113.421	0.448510
113.455	0.448552
113.487	0.448594
113.522	0.448636
113.555	0.448678
113.587	0.448720
113.621	0.448761
113.654	0.448803
113.688	0.448845
113.721	0.448886
113.754	0.448927
113.788	0.448969
113.821	0.449010
113.854	0.449051
113.888	0.449093
113.921	0.449134
113.955	0.449174
113.988	0.449216
114.021	0.449256
114.055	0.449297
114.088	0.449338
114.122	0.449379
114.154	0.449419
114.188	0.449460
114.221	0.449500
114.254	0.449541
114.288	0.449581
114.320	0.449621
114.355	0.449661
114.388	0.449701
114.422	0.449741
114.454	0.449781
114.488	0.449821
114.521	0.449861
114.554	0.449900
114.587	0.449940
114.621	0.449979
114.654	0.450019
114.687	0.450058
114.721	0.450097
114.754	0.450136
114.788	0.450175
114.821	0.450214
114.855	0.450252
114.889	0.450291
114.921	0.450330
114.954	0.450368
114.988	0.450407
115.021	0.450445
115.055	0.450484
115.087	0.450522
115.121	0.450561
115.155	0.450599
115.188	0.450638
115.221	0.450676
115.254	0.450714
115.288	0.450752
115.321	0.450790
115.354	0.450828
115.388	0.450866
115.420	0.450904
115.454	0.450942
115.487	0.450979
115.521	0.451017
115.553	0.451054
115.588	0.451092
115.621	0.451129
115.654	0.451166
115.688	0.451203
115.721	0.451241
115.754	0.451278
115.788	0.451315
115.820	0.451352
115.854	0.451389
115.888	0.451426
115.921	0.451462
115.954	0.451499
115.987	0.451536
116.021	0.451572
116.055	0.451609
116.087	0.451645
116.121	0.451682
116.155	0.451718
116.188	0.451754
116.221	0.451790
116.254	0.451826
116.287	0.451862
116.322	0.451898
116.354	0.451934
116.388	0.451969
116.421	0.452005
116.454	0.452041
116.488	0.452076
116.521	0.452112
116.554	0.452147
116.587	0.452183
116.621	0.452218
116.654	0.452254
116.688	0.452289
116.721	0.452324
116.754	0.452360
116.787	0.452395
116.821	0.452430
116.855	0.452466
116.887	0.452500
116.921	0.452535
116.954	0.452570
116.988	0.452605
117.021	0.452639
117.055	0.452674
117.088	0.452709
117.121	0.452743
117.154	0.452778
117.188	0.452812
117.221	0.452846
117.254	0.452881
117.288	0.452914
117.321	0.452948
117.355	0.452982
117.388	0.453016
117.420	0.453050
117.455	0.453083
117.488	0.453117
117.522	0.453151
117.555	0.453184
117.587	0.453217
117.621	0.453250
117.655	0.453283
117.688	0.453316
117.721	0.453349
117.754	0.453382
117.788	0.453414
117.821	0.453447
117.855	0.453480
117.888	0.453513
117.920	0.453545
117.954	0.453578
117.987	0.453610
118.022	0.453643
118.054	0.453675
118.087	0.453707
118.120	0.453739
118.154	0.453772
118.188	0.453804
118.221	0.453836
118.254	0.453868
118.288	0.453901
118.321	0.453933
118.356	0.453964
118.388	0.453996
118.421	0.454028
118.455	0.454060
118.489	0.454092
118.521	0.454123
118.555	0.454155
118.588	0.454186
118.621	0.454218
118.655	0.454249
118.688	0.454280
118.723	0.454312
118.754	0.454343
118.787	0.454374
118.821	0.454405
118.854	0.454436
118.889	0.454467
118.921	0.454498
118.955	0.454529
118.987	0.454559
119.022	0.454590
119.054	0.454621
119.088	0.454651
119.121	0.454682
119.154	0.454712
119.188	0.454743
119.221	0.454773
119.254	0.454804
119.288	0.454834
119.322	0.454864
119.355	0.454895
119.388	0.454925
119.421	0.454955
119.455	0.454985
119.489	0.455015
119.522	0.455045
119.554	0.455075
119.588	0.455105
119.622	0.455135
119.654	0.455164
119.688	0.455194
119.721	0.455224
119.755	0.455254
119.788	0.455283
119.820	0.455313
119.854	0.455342
119.888	0.455372
119.922	0.455401
119.955	0.455431
119.987	0.455460
120.021	0.455490
120.054	0.455519
120.088	0.455548
120.121	0.455578
120.155	0.455607
120.188	0.455636
120.221	0.455665
120.256	0.455694
120.288	0.455723
120.322	0.455752
120.355	0.455781
120.389	0.455810
120.421	0.455839
120.455	0.455868
120.488	0.455897
120.522	0.455926
120.555	0.455954
120.588	0.455983
120.622	0.456012
120.655	0.456041
120.688	0.456069
120.722	0.456097
120.754	0.456126
120.788	0.456154
120.821	0.456182
120.855	0.456211
120.888	0.456239
120.921	0.456267
120.955	0.456295
120.988	0.456323
121.021	0.456351
121.054	0.456379
121.088	0.456406
121.122	0.456434
121.154	0.456462
121.188	0.456489
121.222	0.456517
121.255	0.456544
121.288	0.456572
121.322	0.456600
121.355	0.456627
121.388	0.456655
121.421	0.456682
121.455	0.456710
121.488	0.456737
121.522	0.456765
121.555	0.456792
121.588	0.456820
121.622	0.456847
121.656	0.456875
121.689	0.456902
121.721	0.456929
121.755	0.456957
121.788	0.456984
121.821	0.457011
121.855	0.457038
121.888	0.457066
121.921	0.457093
121.955	0.457120
121.989	0.457147
122.021	0.457174
122.056	0.457201
122.089	0.457228
122.121	0.457255
122.155	0.457282
122.189	0.457309
122.221	0.457336
122.255	0.457363
122.289	0.457390
122.321	0.457417
122.355	0.457444
122.388	0.457471
122.422	0.457498
122.455	0.457524
122.487	0.457551
122.522	0.457578
122.556	0.457605
122.588	0.457632
122.621	0.457658
122.654	0.457685
122.689	0.457712
122.722	0.457738
122.754	0.457765
122.787	0.457792
122.821	0.457818
122.855	0.457845
122.887	0.457871
122.921	0.457898
122.955	0.457924
122.988	0.457951
123.022	0.457977
123.055	0.458004
123.088	0.458030
123.121	0.458057
123.155	0.458083
123.188	0.458110
123.221	0.458136
123.255	0.458163
123.289	0.458189
123.322	0.458216
123.356	0.458242
123.388	0.458268
123.421	0.458295
123.455	0.458321
123.489	0.458348
123.523	0.458374
123.555	0.458401
123.589	0.458428
123.621	0.458454
123.655	0.458481
123.689	0.458508
123.721	0.458534
123.755	0.458561
123.789	0.458588
123.821	0.458614
123.855	0.458641
123.889	0.458668
123.921	0.458694
123.955	0.458721
123.989	0.458748
124.022	0.458774
124.055	0.458801
124.088	0.458828
124.122	0.458855
124.155	0.458882
124.188	0.458908
124.222	0.458935
124.255	0.458962
124.288	0.458989
124.321	0.459016
124.356	0.459043
124.388	0.459069
124.422	0.459096
124.455	0.459123
124.488	0.459151
124.522	0.459177
124.555	0.459204
124.588	0.459231
124.622	0.459258
124.656	0.459285
124.689	0.459311
124.722	0.459338
124.755	0.459364
124.789	0.459391
124.822	0.459418
124.855	0.459444
124.888	0.459471
124.922	0.459498
124.956	0.459524
124.989	0.459551
125.022	0.459578
125.056	0.459604
125.088	0.459631
125.122	0.459658
125.155	0.459685
125.189	0.459712
125.221	0.459738
125.255	0.459765
125.289	0.459792
125.322	0.459819
125.356	0.459845
125.389	0.459872
125.422	0.459899
125.456	0.459925
125.489	0.459952
125.523	0.459978
125.556	0.460005
125.589	0.460031
125.622	0.460058
125.655	0.460084
125.688	0.460111
125.722	0.460137
125.755	0.460163
125.789	0.460190
125.822	0.460216
125.855	0.460242
125.888	0.460269
125.923	0.460295
125.955	0.460321
125.990	0.460348
126.021	0.460374
126.055	0.460400
126.088	0.460426
126.122	0.460452
126.155	0.460479
126.189	0.460505
126.223	0.460531
126.255	0.460558
126.289	0.460584
126.322	0.460610
126.356	0.460636
126.389	0.460662
126.422	0.460688
126.456	0.460714
126.488	0.460740
126.522	0.460766
126.556	0.460791
126.589	0.460817
126.621	0.460843
126.655	0.460868
126.689	0.460894
126.722	0.460919
126.755	0.460945
126.788	0.460971
126.822	0.460996
126.856	0.461021
126.889	0.461047
126.922	0.461072
126.955	0.461097
126.990	0.461123
127.022	0.461148
127.055	0.461174
127.088	0.461199
127.122	0.461224
127.156	0.461249
127.190	0.461274
127.222	0.461300
127.257	0.461325
127.289	0.461350
127.322	0.461376
127.356	0.461401
127.389	0.461426
127.423	0.461452
127.456	0.461477
127.489	0.461502
127.523	0.461528
127.557	0.461553
127.589	0.461579
127.622	0.461604
127.656	0.461630
127.689	0.461655
127.723	0.461681
127.755	0.461706
127.790	0.461731
127.823	0.461757
127.857	0.461782
127.889	0.461808
127.923	0.461833
127.956	0.461858
127.989	0.461884
128.023	0.461909
128.056	0.461934
128.088	0.461959
128.123	0.461984
128.157	0.462009
128.190	0.462034
128.223	0.462059
128.256	0.462084
128.289	0.462109
128.322	0.462134
128.356	0.462159
128.389	0.462183
128.422	0.462208
128.457	0.462233
128.489	0.462257
128.523	0.462282
128.556	0.462306
128.589	0.462331
128.623	0.462355
128.656	0.462380
128.689	0.462404
128.723	0.462429
128.757	0.462453
128.790	0.462478
128.823	0.462502
128.857	0.462526
128.889	0.462551
128.923	0.462575
128.956	0.462599
128.990	0.462624
129.023	0.462648
129.055	0.462672
129.089	0.462696
129.122	0.462721
129.156	0.462745
129.189	0.462769
129.222	0.462793
129.256	0.462817
129.290	0.462841
129.323	0.462866
129.356	0.462889
129.389	0.462913
129.422	0.462937
129.456	0.462961
129.490	0.462984
129.522	0.463008
129.556	0.463031
129.589	0.463055
129.622	0.463078
129.656	0.463102
129.690	0.463125
129.723	0.463148
129.755	0.463171
129.789	0.463194
129.822	0.463217
129.856	0.463240
129.890	0.463263
129.923	0.463286
129.957	0.463309
129.990	0.463332
130.023	0.463354
130.056	0.463377
130.089	0.463400
130.123	0.463422
130.156	0.463445
130.189	0.463467
130.223	0.463490
130.256	0.463512
130.289	0.463535
130.322	0.463557
130.356	0.463580
130.389	0.463602
130.422	0.463624
130.456	0.463647
130.490	0.463669
130.523	0.463691
130.557	0.463714
130.589	0.463736
130.623	0.463758
130.656	0.463781
130.689	0.463803
130.722	0.463826
130.756	0.463848
130.789	0.463870
130.823	0.463892
130.857	0.463915
130.889	0.463937
130.922	0.463960
130.957	0.463982
130.989	0.464004
131.023	0.464027
131.056	0.464049
131.089	0.464072
131.123	0.464094
131.156	0.464117
131.189	0.464140
131.222	0.464162
131.256	0.464185
131.290	0.464207
131.322	0.464230
131.355	0.464252
131.389	0.464275
131.421	0.464298
131.456	0.464321
131.489	0.464343
131.522	0.464366
131.556	0.464389
131.588	0.464412
131.623	0.464434
131.655	0.464458
131.689	0.464480
131.722	0.464503
131.756	0.464526
131.790	0.464549
131.822	0.464572
131.856	0.464596
131.889	0.464619
131.922	0.464642
131.956	0.464665
131.989	0.464688
132.023	0.464712
132.056	0.464735
132.089	0.464759
132.123	0.464782
132.156	0.464806
132.189	0.464829
132.223	0.464853
132.256	0.464877
132.290	0.464901
132.324	0.464924
132.356	0.464948
132.389	0.464972
132.423	0.464996
132.456	0.465020
132.489	0.465044
132.523	0.465067
132.556	0.465091
132.589	0.465115
132.623	0.465139
132.655	0.465163
132.690	0.465187
132.723	0.465211
132.756	0.465235
132.790	0.465259
132.823	0.465283
132.857	0.465307
132.890	0.465331
132.923	0.465355
132.956	0.465379
132.989	0.465403
133.022	0.465427
133.057	0.465451
133.089	0.465476
133.123	0.465500
133.156	0.465524
133.190	0.465548
133.222	0.465572
133.256	0.465597
133.290	0.465621
133.323	0.465645
133.357	0.465669
133.389	0.465694
133.423	0.465718
133.457	0.465742
133.490	0.465766
133.523	0.465791
133.556	0.465814
133.589	0.465839
133.623	0.465863
133.656	0.465887
133.690	0.465911
133.723	0.465936
133.756	0.465960
133.791	0.465984
133.823	0.466008
133.857	0.466032
133.891	0.466056
133.923	0.466080
133.958	0.466104
133.989	0.466128
134.024	0.466152
134.057	0.466177
134.090	0.466201
134.124	0.466224
134.157	0.466248
134.190	0.466273
134.224	0.466297
134.256	0.466321
134.289	0.466345
134.323	0.466369
134.356	0.466393
134.389	0.466417
134.423	0.466441
134.456	0.466465
134.489	0.466489
134.524	0.466512
134.556	0.466536
134.590	0.466560
134.623	0.466584
134.657	0.466607
134.690	0.466631
134.723	0.466654
134.756	0.466678
134.791	0.466702
134.823	0.466725
134.857	0.466749
134.891	0.466772
134.923	0.466796
134.958	0.466820
134.991	0.466843
135.023	0.466867
135.056	0.466891
135.089	0.466914
135.122	0.466938
135.155	0.466962
135.190	0.466986
135.223	0.467009
135.256	0.467033
135.290	0.467056
135.322	0.467080
135.357	0.467103
135.389	0.467127
135.423	0.467151
135.456	0.467174
135.490	0.467198
135.522	0.467222
135.557	0.467245
135.590	0.467269
135.623	0.467292
135.657	0.467316
135.690	0.467340
135.724	0.467363
135.757	0.467387
135.790	0.467411
135.822	0.467434
135.856	0.467458
135.890	0.467482
135.922	0.467505
135.956	0.467529
135.990	0.467553
136.023	0.467577
136.057	0.467601
136.090	0.467624
136.123	0.467648
136.156	0.467672
136.190	0.467696
136.223	0.467720
136.257	0.467744
136.291	0.467768
136.323	0.467791
136.357	0.467815
136.389	0.467839
136.423	0.467863
136.457	0.467887
136.489	0.467911
136.524	0.467935
136.556	0.467959
136.589	0.467983
136.624	0.468007
136.657	0.468031
136.689	0.468054
136.723	0.468078
136.756	0.468102
136.790	0.468126
136.823	0.468149
136.857	0.468173
136.890	0.468197
136.923	0.468221
136.956	0.468245
136.991	0.468268
137.023	0.468292
137.057	0.468316
137.090	0.468340
137.123	0.468364
137.157	0.468388
137.190	0.468412
137.223	0.468436
137.256	0.468460
137.291	0.468484
137.322	0.468508
137.356	0.468532
137.390	0.468556
137.423	0.468580
137.456	0.468604
137.490	0.468628
137.522	0.468652
137.556	0.468676
137.590	0.468701
137.624	0.468724
137.657	0.468749
137.690	0.468773
137.723	0.468797
137.757	0.468821
137.790	0.468845
137.823	0.468869
137.856	0.468893
137.889	0.468917
137.923	0.468942
137.957	0.468966
137.990	0.468990
138.023	0.469015
138.056	0.469039
138.089	0.469063
138.124	0.469088
138.156	0.469112
138.190	0.469136
138.224	0.469161
138.256	0.469185
138.290	0.469209
138.323	0.469234
138.356	0.469258
138.389	0.469282
138.422	0.469307
138.456	0.469331
138.490	0.469356
138.523	0.469380
138.556	0.469404
138.590	0.469429
138.624	0.469454
138.656	0.469478
138.690	0.469503
138.722	0.469527
138.756	0.469552
138.790	0.469576
138.822	0.469601
138.856	0.469626
138.890	0.469650
138.923	0.469675
138.956	0.469699
138.989	0.469724
139.023	0.469749
139.056	0.469774
139.089	0.469799
139.123	0.469824
139.156	0.469849
139.189	0.469874
139.223	0.469899
139.255	0.469924
139.290	0.469949
139.322	0.469974
139.357	0.469999
139.390	0.470025
139.422	0.470050
139.457	0.470075
139.489	0.470101
139.522	0.470126
139.556	0.470151
139.589	0.470177
139.623	0.470202
139.655	0.470228
139.690	0.470254
139.723	0.470279
139.755	0.470306
139.790	0.470331
139.823	0.470357
139.856	0.470384
139.890	0.470410
139.923	0.470436
139.956	0.470462
139.989	0.470489
140.023	0.470516
140.057	0.470542
140.089	0.470569
140.123	0.470596
140.156	0.470622
140.190	0.470649
140.222	0.470676
140.256	0.470703
140.290	0.470730
140.323	0.470757
140.357	0.470784
140.390	0.470812
140.423	0.470839
140.457	0.470866
140.490	0.470894
140.523	0.470921
140.557	0.470949
140.590	0.470976
140.623	0.471004
140.656	0.471032
140.690	0.471059
140.723	0.471087
140.756	0.471115
140.790	0.471143
140.823	0.471171
140.857	0.471199
140.889	0.471227
140.923	0.471254
140.957	0.471282
140.989	0.471311
141.022	0.471339
141.057	0.471367
141.089	0.471394
141.124	0.471423
141.157	0.471451
141.190	0.471479
141.223	0.471507
141.257	0.471535
141.290	0.471563
141.324	0.471592
141.357	0.471620
141.390	0.471649
141.424	0.471677
141.457	0.471706
141.490	0.471734
141.523	0.471763
141.555	0.471792
141.590	0.471821
141.623	0.471849
141.657	0.471878
141.690	0.471907
141.724	0.471937
141.757	0.471966
141.790	0.471995
141.823	0.472024
141.857	0.472053
141.890	0.472083
141.924	0.472112
141.956	0.472142
141.990	0.472171
142.024	0.472201
142.057	0.472231
142.090	0.472260
142.123	0.472290
142.157	0.472320
142.190	0.472349
142.224	0.472379
142.257	0.472409
142.291	0.472439
142.324	0.472469
142.357	0.472499
142.390	0.472529
142.424	0.472559
142.457	0.472589
142.490	0.472619
142.524	0.472649
142.557	0.472680
142.590	0.472710
142.623	0.472741
142.656	0.472771
142.690	0.472802
142.723	0.472832
142.756	0.472863
142.791	0.472894
142.823	0.472925
142.857	0.472956
142.889	0.472987
142.923	0.473018
142.957	0.473049
142.991	0.473080
143.024	0.473112
143.056	0.473143
143.090	0.473174
143.123	0.473206
143.157	0.473237
143.190	0.473268
143.225	0.473300
143.257	0.473332
143.291	0.473363
143.324	0.473396
143.357	0.473427
143.390	0.473459
143.424	0.473491
143.457	0.473523
143.489	0.473555
143.523	0.473587
143.557	0.473620
143.590	0.473652
143.624	0.473685
143.657	0.473718
143.691	0.473751
143.723	0.473784
143.757	0.473817
143.791	0.473850
143.824	0.473883
143.858	0.473916
143.890	0.473949
143.923	0.473983
143.957	0.474016
143.990	0.474050
144.024	0.474084
144.056	0.474118
144.089	0.474152
144.124	0.474186
144.157	0.474220
144.191	0.474254
144.224	0.474289
144.257	0.474323
144.290	0.474358
144.324	0.474392
144.356	0.474427
144.390	0.474462
144.423	0.474497
144.456	0.474531
144.490	0.474567
144.523	0.474602
144.557	0.474637
144.591	0.474672
144.624	0.474707
144.657	0.474742
144.690	0.474777
144.724	0.474813
144.757	0.474849
144.790	0.474885
144.823	0.474921
144.857	0.474957
144.890	0.474994
144.923	0.475030
144.957	0.475066
144.990	0.475103
145.023	0.475140
145.057	0.475177
145.091	0.475214
145.124	0.475251
145.157	0.475288
145.191	0.475326
145.223	0.475363
145.257	0.475401
145.290	0.475438
145.323	0.475477
145.356	0.475515
145.391	0.475553
145.423	0.475592
145.457	0.475631
145.490	0.475669
145.523	0.475708
145.557	0.475747
145.590	0.475786
145.624	0.475825
145.657	0.475864
145.690	0.475904
145.723	0.475943
145.757	0.475983
145.791	0.476022
145.823	0.476062
145.857	0.476103
145.891	0.476143
145.924	0.476184
145.956	0.476225
145.990	0.476266
146.023	0.476306
146.057	0.476347
146.090	0.476389
146.124	0.476430
146.157	0.476471
146.190	0.476512
146.223	0.476554
146.257	0.476595
146.290	0.476637
146.324	0.476679
146.357	0.476721
146.390	0.476763
146.424	0.476806
146.457	0.476848
146.490	0.476891
146.523	0.476933
146.557	0.476976
146.590	0.477019
146.623	0.477062
146.657	0.477105
146.690	0.477148
146.722	0.477191
146.756	0.477234
146.789	0.477277
146.822	0.477321
146.856	0.477364
146.890	0.477408
146.923	0.477451
146.956	0.477495
146.989	0.477539
147.022	0.477583
147.057	0.477626
147.090	0.477671
147.122	0.477714
147.157	0.477759
147.189	0.477803
147.223	0.477848
147.256	0.477893
147.290	0.477938
147.323	0.477984
147.356	0.478030
147.389	0.478076
147.423	0.478123
147.456	0.478171
147.489	0.478218
147.522	0.478266
147.555	0.478314
147.590	0.478363
147.623	0.478411
147.656	0.478459
147.689	0.478508
147.722	0.478556
147.756	0.478605
147.790	0.478654
147.823	0.478703
147.856	0.478752
147.889	0.478802
147.922	0.478853
147.956	0.478904
147.989	0.478955
148.023	0.479006
148.056	0.479057
148.089	0.479108
148.123	0.479160
148.156	0.479212
148.189	0.479264
148.223	0.479317
148.256	0.479371
148.289	0.479425
148.322	0.479479
148.356	0.479534
148.389	0.479588
148.422	0.479644
148.454	0.479699
148.489	0.479756
148.522	0.479812
148.556	0.479867
148.589	0.479924
148.623	0.479980
148.656	0.480037
148.689	0.480094
148.722	0.480152
148.755	0.480210
148.789	0.480268
148.822	0.480327
148.855	0.480386
148.889	0.480447
148.923	0.480508
148.956	0.480569
148.989	0.480631
149.022	0.480693
149.057	0.480757
149.089	0.480822
149.122	0.480887
149.156	0.480952
149.189	0.481017
149.222	0.481082
149.255	0.481148
149.290	0.481214
149.322	0.481281
149.356	0.481347
149.390	0.481414
149.422	0.481482
149.456	0.481549
149.489	0.481617
149.523	0.481685
149.555	0.481754
149.589	0.481824
149.622	0.481894
149.655	0.481964
149.689	0.482034
149.722	0.482104
149.755	0.482174
149.789	0.482244
149.823	0.482314
149.856	0.482384
149.889	0.482455
149.922	0.482525
149.956	0.482595
149.988	0.482666
150.022	0.482737
150.055	0.482808
150.089	0.482880
150.122	0.482953
150.155	0.483025
150.189	0.483098
150.222	0.483171
150.256	0.483244
150.289	0.483317
150.323	0.483391
150.355	0.483464
150.389	0.483538
150.422	0.483612
150.456	0.483686
150.489	0.483761
150.522	0.483835
150.556	0.483909
150.589	0.483984
150.622	0.484060
150.655	0.484135
150.689	0.484210
150.722	0.484286
150.755	0.484362
150.788	0.484439
150.822	0.484516
150.855	0.484594
150.889	0.484672
150.922	0.484750
150.955	0.484829
150.989	0.484908
151.023	0.484988
151.055	0.485067
151.089	0.485146
151.122	0.485226
151.155	0.485307
151.189	0.485388
151.223	0.485469
151.256	0.485551
151.289	0.485634
151.322	0.485717
151.356	0.485800
151.389	0.485884
151.422	0.485967
151.456	0.486052
151.488	0.486138
151.522	0.486224
151.555	0.486311
151.589	0.486398
151.622	0.486486
151.655	0.486574
151.688	0.486661
151.722	0.486750
151.755	0.486838
151.787	0.486926
151.822	0.487015
151.855	0.487104
151.888	0.487194
151.922	0.487283
151.954	0.487373
151.988	0.487463
152.021	0.487554
152.055	0.487646
152.088	0.487740
152.121	0.487835
152.154	0.487932
152.188	0.488028
152.222	0.488125
152.255	0.488222
152.288	0.488319
152.322	0.488416
152.356	0.488513
152.388	0.488612
152.421	0.488710
152.455	0.488809
152.488	0.488907
152.521	0.489006
152.554	0.489105
152.588	0.489206
152.621	0.489308
152.655	0.489411
152.688	0.489514
152.721	0.489619
152.754	0.489723
152.787	0.489827
152.821	0.489933
152.855	0.490038
152.887	0.490144
152.921	0.490251
152.954	0.490358
152.988	0.490466
153.022	0.490576
153.054	0.490686
153.088	0.490797
153.120	0.490910
153.155	0.491024
153.188	0.491139
153.221	0.491253
153.254	0.491368
153.287	0.491483
153.321	0.491599
153.354	0.491716
153.386	0.491833
153.421	0.491950
153.455	0.492068
153.488	0.492186
153.520	0.492305
153.554	0.492426
153.587	0.492547
153.620	0.492667
153.654	0.492787
153.687	0.492908
153.720	0.493029
153.754	0.493150
153.787	0.493272
153.820	0.493394
153.854	0.493517
153.888	0.493641
153.921	0.493765
153.953	0.493890
153.987	0.494016
154.020	0.494143
154.053	0.494271
154.088	0.494397
154.120	0.494525
154.154	0.494653
154.187	0.494782
154.219	0.494910
154.253	0.495040
154.286	0.495171
154.320	0.495304
154.353	0.495437
154.387	0.495572
154.420	0.495706
154.453	0.495841
154.485	0.495977
154.520	0.496114
154.552	0.496252
154.586	0.496391
154.619	0.496531
154.653	0.496673
154.686	0.496816
154.720	0.496958
154.753	0.497100
154.785	0.497243
154.819	0.497387
154.853	0.497532
154.886	0.497678
154.919	0.497824
154.954	0.497971
154.986	0.498119
155.019	0.498268
155.053	0.498419
155.087	0.498570
155.119	0.498721
155.153	0.498872
155.186	0.499024
155.219	0.499176
155.253	0.499327
155.285	0.499481
155.319	0.499638
155.352	0.499797
155.385	0.499956
155.419	0.500115
155.452	0.500278
155.486	0.500439
155.519	0.500601
155.553	0.500763
155.585	0.500926
155.619	0.501090
155.652	0.501254
155.686	0.501418
155.718	0.501582
155.752	0.501746
155.786	0.501912
155.818	0.502077
155.851	0.502244
155.885	0.502411
155.918	0.502579
155.952	0.502747
155.985	0.502916
156.018	0.503087
156.051	0.503259
156.085	0.503434
156.119	0.503611
156.151	0.503796
156.185	0.503995
156.218	0.504196
156.252	0.504386
156.284	0.504582
156.319	0.504779
156.351	0.504980
156.385	0.505187
156.418	0.505395
156.451	0.505613
156.484	0.505845
156.518	0.506080
156.551	0.506326
156.584	0.506565
156.617	0.506815
156.650	0.507095
156.684	0.507397
156.717	0.507732
156.751	0.508070
156.784	0.508384
156.818	0.508689
156.849	0.509003
156.883	0.509322
156.918	0.509672
156.950	0.510079
156.983	0.510516
157.017	0.510949
157.050	0.511393
157.084	0.511842
157.117	0.512279
157.150	0.512730
157.183	0.513221
157.217	0.513740
157.250	0.514307
157.283	0.514916
157.316	0.515524
157.350	0.516101
157.383	0.516664
157.416	0.517252
157.449	0.517856
157.482	0.518463
157.516	0.519139
157.549	0.519839
157.582	0.520559
157.616	0.521271
157.649	0.521989
157.682	0.522787
157.715	0.523674
157.747	0.524596
157.781	0.525408
157.814	0.526272
157.848	0.527133
157.881	0.527961
157.914	0.528795
157.947	0.529625
157.981	0.530621
158.014	0.531586
158.047	0.532543
158.081	0.533600
158.114	0.534601
158.148	0.535511
158.180	0.536535
158.213	0.537581
158.246	0.538701
158.280	0.539819
158.314	0.540862
158.346	0.541872
158.379	0.542966
158.412	0.543970
158.445	0.544838
158.478	0.545688
158.512	0.546611
158.544	0.547637
158.578	0.548579
158.612	0.549482
158.644	0.550476
158.677	0.551413
158.712	0.552473
158.744	0.553360
158.777	0.554305
158.811	0.555250
158.844	0.556301
158.877	0.557261
158.910	0.558152
158.943	0.559059
158.977	0.559988
159.010	0.560769
159.043	0.561511
159.076	0.562292
159.109	0.563025
159.143	0.563712
159.176	0.564446
159.209	0.565132
159.242	0.565963
159.275	0.566615
159.308	0.567142
159.342	0.567650
159.375	0.568133
159.408	0.568488
159.441	0.568828
159.475	0.569222
159.508	0.569550
159.541	0.569835
159.574	0.570085
159.607	0.570316
159.641	0.570505
159.674	0.570652
159.707	0.570771
159.741	0.570869
159.775	0.570945
159.807	0.571001
159.841	0.571073
159.873	0.571232
159.908	0.571336
159.941	0.571401
159.975	0.571438
160.008	0.571454
160.042	0.571456
160.076	0.571446
160.109	0.571419
160.143	0.571372
160.174	0.571291
160.209	0.571109
160.243	0.570720
160.276	0.570115
160.309	0.569266
160.343	0.568164
160.377	0.566781
160.411	0.565206
160.445	0.563278
160.478	0.561296
160.512	0.559378
160.545	0.557251
160.579	0.554845
160.612	0.552613
160.645	0.550528
160.679	0.548415
160.713	0.546272
160.747	0.543881
160.780	0.541577
160.815	0.539194
160.847	0.537046
160.881	0.534793
160.915	0.532481
160.949	0.529993
160.982	0.527610
161.016	0.524960
161.049	0.522597
161.083	0.520335
161.117	0.517823
161.151	0.515178
161.185	0.512694
161.219	0.510329
161.253	0.507776
161.287	0.505236
161.321	0.503107
161.354	0.500751
161.387	0.498110
161.422	0.495912
161.456	0.493571
161.489	0.491195
161.522	0.488623
161.556	0.486361
161.590	0.484063
161.624	0.481699
161.658	0.479589
161.691	0.477550
161.726	0.475479
161.758	0.473104
161.793	0.470974
161.826	0.469002
161.859	0.467121
161.893	0.465121
161.927	0.463352
161.960	0.461227
161.994	0.459786
162.028	0.457895
162.061	0.456301
162.095	0.454514
162.128	0.453174
162.162	0.451669
162.195	0.450479
162.229	0.449160
162.263	0.447945
162.296	0.446591
162.330	0.445492
162.363	0.444481
162.398	0.443569
162.431	0.442811
162.464	0.442008
162.498	0.441271
162.531	0.440542
162.565	0.439866
162.598	0.439333
162.632	0.438838
162.666	0.438382
162.698	0.438026
162.732	0.437726
162.765	0.437481
162.799	0.437277
162.832	0.437101
162.865	0.436966
162.899	0.436876
162.932	0.436822
162.965	0.436778
162.998	0.436749
163.031	0.436806
163.066	0.436897
163.098	0.437043
163.132	0.437197
163.165	0.437352
163.198	0.437482
163.231	0.437609
163.264	0.437757
163.298	0.437951
163.331	0.438214
163.365	0.438528
163.397	0.438884
163.430	0.439289
163.464	0.439776
163.499	0.440291
163.531	0.440857
163.563	0.441569
163.597	0.442617
163.630	0.443898
163.663	0.445280
163.696	0.446843
163.729	0.448470
163.762	0.450233
163.795	0.452056
163.829	0.454005
163.861	0.455869
163.894	0.457778
163.927	0.459617
163.961	0.461422
163.994	0.463381
164.026	0.465315
164.060	0.467211
164.093	0.469083
164.126	0.471066
164.159	0.473017
164.192	0.474806
164.225	0.476738
164.258	0.478626
164.292	0.480605
164.325	0.482540
164.357	0.484544
164.391	0.486491
164.423	0.488562
164.457	0.490679
164.489	0.492572
164.522	0.494620
164.554	0.496953
164.587	0.498994
164.620	0.501077
164.654	0.503046
164.687	0.505322
164.719	0.507509
164.753	0.509787
164.785	0.512157
164.820	0.514164
164.851	0.516291
164.884	0.518740
164.918	0.521052
164.951	0.523254
164.983	0.525776
165.016	0.527999
165.050	0.530372
165.083	0.532948
165.115	0.535322
165.148	0.537958
165.180	0.540320
165.214	0.542637
165.247	0.545074
165.280	0.547665
165.312	0.550067
165.346	0.552841
165.379	0.555211
165.412	0.557810
165.444	0.560400
165.478	0.563262
165.510	0.565694
165.543	0.568499
165.576	0.570797
165.609	0.573671
165.642	0.576477
165.674	0.578977
165.708	0.581749
165.740	0.584496
165.773	0.587357
165.806	0.590222
165.839	0.592718
165.872	0.595574
165.905	0.598623
165.939	0.601414
165.970	0.604420
166.003	0.607436
166.036	0.610189
166.069	0.613559
166.102	0.616566
166.134	0.619479
166.167	0.622510
166.200	0.625603
166.234	0.628500
166.266	0.631579
166.298	0.634909
166.331	0.637813
166.363	0.641207
166.396	0.644354
166.430	0.647602
166.463	0.650965
166.494	0.654131
166.528	0.657492
166.560	0.660992
166.594	0.664343
166.626	0.667818
166.659	0.671277
166.692	0.674645
166.724	0.678231
166.757	0.681920
166.790	0.685482
166.823	0.688935
166.856	0.692713
166.888	0.696494
166.922	0.700421
166.954	0.703891
166.987	0.708060
167.019	0.711743
167.052	0.715417
167.084	0.719681
167.117	0.723539
167.149	0.727368
167.182	0.731309
167.215	0.735099
167.247	0.739292
167.280	0.743529
167.313	0.747870
167.345	0.752289
167.378	0.756369
167.411	0.760570
167.443	0.765088
167.477	0.769619
167.509	0.774099
167.542	0.778455
167.574	0.782808
167.607	0.787466
167.639	0.792212
167.672	0.796844
167.704	0.801837
167.736	0.806877
167.770	0.811579
167.802	0.816383
167.834	0.821226
167.866	0.826160
167.900	0.831192
167.932	0.836288
167.964	0.841566
167.997	0.846509
168.029	0.851956
168.062	0.857097
168.093	0.862748
168.126	0.868359
168.158	0.873654
168.191	0.879137
168.223	0.884973
168.256	0.890551
168.288	0.896117
168.320	0.901840
168.353	0.907823
168.384	0.913702
168.418	0.919729
168.449	0.925981
168.482	0.932162
168.514	0.938097
168.546	0.944802
168.579	0.950909
168.610	0.957271
168.643	0.963813
168.675	0.970213
168.708	0.976711
168.740	0.983298
168.772	0.990094
168.803	0.996907
168.837	1.003730
168.868	1.010717
168.900	1.017696
168.933	1.024666
168.965	1.031780
168.997	1.039124
169.029	1.046463
169.062	1.053950
169.093	1.061141
169.125	1.068663
169.157	1.076413
169.190	1.084250
169.222	1.091942
169.254	1.099443
169.285	1.107374
169.318	1.115025
169.351	1.123304
169.382	1.131562
169.413	1.139587
169.446	1.147830
169.477	1.156346
169.509	1.164877
169.540	1.173324
169.573	1.181711
169.604	1.190064
169.637	1.198881
169.669	1.207560
169.699	1.216462
169.732	1.225416
169.763	1.234322
169.795	1.243259
169.827	1.252374
169.859	1.261450
169.891	1.271004
169.923	1.280162
169.954	1.289328
169.986	1.299041
170.018	1.308697
170.050	1.318226
170.081	1.327702
170.112	1.337320
170.145	1.347246
170.176	1.356836
170.208	1.366516
170.239	1.376694
170.271	1.386463
170.303	1.396844
170.335	1.407383
170.367	1.417454
170.398	1.427269
170.429	1.437685
170.460	1.448084
170.492	1.458606
170.524	1.469027
170.556	1.479101
170.588	1.489706
170.618	1.500287
170.649	1.510618
170.681	1.521561
170.714	1.532167
170.744	1.542718
170.776	1.553268
170.808	1.564076
170.839	1.574945
170.870	1.585739
170.902	1.596633
170.933	1.607458
170.965	1.618482
170.997	1.629126
171.028	1.640176
171.060	1.650919
171.091	1.661910
171.123	1.672559
171.155	1.683696
171.185	1.694137
171.218	1.705215
171.250	1.716156
171.280	1.727033
171.312	1.737833
171.344	1.749058
171.375	1.759746
171.406	1.770443
171.438	1.781042
171.469	1.791656
171.501	1.802149
171.532	1.812850
171.563	1.823528
171.595	1.834202
171.627	1.844834
171.658	1.855181
171.690	1.865747
171.721	1.875824
171.753	1.886004
171.784	1.896293
171.817	1.906621
171.848	1.916627
171.879	1.926460
171.911	1.936526
171.942	1.946142
171.975	1.955894
172.006	1.965576
172.038	1.975146
172.070	1.984697
172.101	1.993860
172.133	2.003177
172.165	2.012190
172.197	2.021013
172.229	2.029709
172.261	2.038049
172.292	2.046936
172.325	2.055312
172.357	2.063414
172.390	2.071627
172.421	2.079374
172.454	2.087318
172.485	2.094393
172.517	2.101880
172.550	2.108802
172.581	2.115494
172.613	2.122266
172.646	2.128414
172.678	2.134499
172.709	2.140683
172.742	2.146311
172.775	2.151432
172.808	2.156429
172.840	2.161176
172.872	2.166005
172.905	2.170061
172.938	2.174002
172.970	2.177487
173.003	2.180694
173.036	2.183541
173.069	2.186251
173.103	2.188180
173.135	2.189866
173.169	2.191273
173.201	2.192488
173.235	2.192917
173.268	2.192772
173.301	2.192399
173.335	2.191988
173.368	2.191037
173.402	2.189694
173.437	2.186577
173.469	2.183986
173.504	2.181222
173.538	2.177678
173.572	2.173361
173.606	2.168753
173.640	2.163722
173.675	2.158106
173.709	2.152076
173.744	2.145234
173.779	2.137912
173.813	2.130497
173.847	2.121898
173.883	2.113173
173.918	2.103517
173.953	2.093541
173.988	2.083233
174.023	2.072351
174.057	2.060636
174.094	2.048588
174.129	2.035706
174.164	2.022758
174.201	2.009204
174.236	1.995222
174.272	1.980452
174.308	1.965268
174.344	1.949471
174.380	1.933577
174.416	1.917082
174.452	1.899848
174.489	1.882594
174.526	1.864886
174.561	1.846691
174.599	1.828031
174.635	1.809130
174.671	1.789788
174.708	1.769991
174.745	1.750394
174.782	1.730383
174.818	1.709950
174.855	1.689056
174.893	1.668298
174.929	1.647816
174.966	1.626672
175.003	1.605389
175.040	1.584152
175.077	1.562853
175.114	1.541453
175.151	1.519629
175.188	1.497998
175.225	1.476489
175.262	1.454727
175.299	1.433329
175.336	1.411949
175.373	1.390145
175.410	1.368643
175.446	1.347376
175.485	1.326087
175.522	1.304708
175.558	1.284124
175.595	1.262808
175.631	1.241989
175.669	1.221328
175.706	1.200988
175.742	1.180469
175.778	1.160848
175.816	1.141036
175.852	1.121499
175.890	1.102390
175.926	1.083672
175.962	1.065236
175.999	1.046767
176.035	1.029085
176.072	1.011877
176.108	0.994955
176.144	0.978395
176.179	0.962464
176.217	0.946859
176.252	0.931476
176.288	0.917336
176.323	0.902616
176.358	0.888850
176.395	0.875953
176.429	0.863227
176.466	0.850613
176.501	0.838706
176.536	0.827231
176.571	0.816165
176.607	0.805182
176.641	0.794877
176.677	0.784853
176.713	0.775239
176.747	0.765791
176.782	0.756707
176.816	0.748256
176.851	0.740033
176.886	0.732107
176.922	0.724224
176.955	0.716745
176.990	0.709656
177.025	0.702750
177.058	0.696156
177.093	0.689972
177.127	0.683602
177.162	0.677725
177.196	0.672088
177.230	0.666375
177.264	0.661296
177.299	0.656148
177.333	0.651304
177.369	0.646503
177.400	0.641881
177.436	0.637804
177.470	0.633338
177.504	0.629622
177.538	0.625362
177.572	0.621729
177.606	0.618204
177.641	0.614796
177.675	0.611533
177.709	0.608319
177.742	0.605082
177.776	0.602010
177.809	0.599129
177.843	0.596519
177.877	0.593626
177.911	0.591237
177.944	0.588749
177.979	0.586266
178.012	0.584132
178.046	0.581716
178.079	0.579357
178.114	0.577663
178.147	0.575377
178.181	0.573646
178.214	0.571924
178.248	0.569949
178.282	0.568568
178.315	0.566677
178.349	0.565717
178.384	0.564040
178.416	0.562443
178.450	0.561245
178.484	0.560148
178.518	0.559071
178.550	0.558051
178.584	0.556555
178.618	0.555202
178.652	0.554313
178.685	0.553480
178.719	0.552536
178.752	0.551473
178.786	0.550587
178.820	0.549710
178.853	0.548691
178.885	0.547954
178.920	0.547193
178.953	0.546533
178.986	0.545950
179.020	0.545256
179.054	0.544546
179.087	0.543911
179.121	0.543337
179.154	0.542808
179.187	0.542365
179.220	0.541913
179.254	0.541358
179.288	0.540819
179.321	0.540403
179.355	0.540031
179.388	0.539616
179.421	0.539194
179.455	0.538868
179.488	0.538510
179.522	0.538089
179.555	0.537775
179.589	0.537512
179.622	0.537243
179.655	0.537016
179.688	0.536778
179.721	0.536530
179.755	0.536283
179.788	0.536077
179.822	0.535885
179.856	0.535701
179.889	0.535511
179.922	0.535326
179.955	0.535172
179.989	0.535034
180.022	0.534896
180.055	0.534759
180.089	0.534637
180.122	0.534535
180.156	0.534444
180.189	0.534365
180.223	0.534289
180.256	0.534214
180.290	0.534146
180.323	0.534084
180.356	0.534023
180.390	0.533961
180.423	0.533898
180.457	0.533834
180.490	0.533770
180.523	0.533707
180.556	0.533643
180.590	0.533579
180.623	0.533514
180.657	0.533449
180.690	0.533384
180.724	0.533317
180.756	0.533249
180.790	0.533181
180.824	0.533113
180.858	0.533046
180.890	0.532979
180.924	0.532913
180.957	0.532847
180.991	0.532781
181.023	0.532716
181.058	0.532651
181.090	0.532587
181.124	0.532523
181.157	0.532461
181.190	0.532398
181.223	0.532336
181.257	0.532275
181.290	0.532214
181.324	0.532153
181.357	0.532093
181.390	0.532034
181.424	0.531975
181.457	0.531917
181.490	0.531859
181.523	0.531801
181.557	0.531744
181.590	0.531688
181.624	0.531633
181.657	0.531578
181.690	0.531524
181.724	0.531471
181.758	0.531417
181.791	0.531365
181.824	0.531313
181.857	0.531262
181.890	0.531211
181.924	0.531161
181.958	0.531112
181.991	0.531063
182.024	0.531015
182.057	0.530968
182.090	0.530921
182.124	0.530875
182.157	0.530829
182.190	0.530784
182.224	0.530740
182.257	0.530696
182.290	0.530652
182.324	0.530610
182.357	0.530567
182.391	0.530526
182.424	0.530484
182.457	0.530444
182.490	0.530404
182.524	0.530364
182.557	0.530325
182.591	0.530287
182.624	0.530249
182.658	0.530212
182.692	0.530175
182.724	0.530139
182.757	0.530103
182.790	0.530068
182.824	0.530033
182.858	0.529999
182.891	0.529965
182.925	0.529932
182.958	0.529899
182.992	0.529867
183.025	0.529835
183.057	0.529803
183.091	0.529772
183.125	0.529742
183.157	0.529712
183.192	0.529682
183.223	0.529653
183.258	0.529624
183.291	0.529596
183.324	0.529567
183.358	0.529539
183.392	0.529512
183.425	0.529485
183.458	0.529458
183.491	0.529432
183.524	0.529405
183.558	0.529380
183.591	0.529354
183.625	0.529329
183.659	0.529304
183.692	0.529280
183.725	0.529256
183.757	0.529232
183.791	0.529209
183.825	0.529186
183.858	0.529163
183.891	0.529141
183.924	0.529118
183.958	0.529096
183.992	0.529075
184.024	0.529054
184.058	0.529033
184.091	0.529012
184.124	0.528992
184.157	0.528972
184.191	0.528952
184.225	0.528933
184.258	0.528914
184.291	0.528894
184.325	0.528876
184.358	0.528857
184.391	0.528839
184.425	0.528821
184.458	0.528803
184.491	0.528786
184.524	0.528769
184.558	0.528752
184.592	0.528736
184.625	0.528720
184.658	0.528704
184.692	0.528688
184.725	0.528672
184.758	0.528657
184.792	0.528642
184.825	0.528627
184.858	0.528612
184.892	0.528598
184.925	0.528583
184.958	0.528569
184.991	0.528555
185.025	0.528541
185.058	0.528527
185.092	0.528514
185.125	0.528501
185.158	0.528488
185.191	0.528475
185.225	0.528462
185.258	0.528450
185.292	0.528437
185.325	0.528425
185.359	0.528413
185.392	0.528401
185.425	0.528390
185.459	0.528378
185.491	0.528367
185.525	0.528356
185.558	0.528345
185.592	0.528334
185.625	0.528324
185.658	0.528313
185.692	0.528303
185.725	0.528293
185.758	0.528283
185.792	0.528273
185.825	0.528264
185.858	0.528254
185.892	0.528245
185.925	0.528236
185.958	0.528227
185.992	0.528218
186.025	0.528209
186.058	0.528201
186.091	0.528193
186.126	0.528184
186.159	0.528176
186.192	0.528169
186.225	0.528161
186.259	0.528154
186.292	0.528146
186.325	0.528139
186.359	0.528132
186.392	0.528125
186.425	0.528119
186.458	0.528112
186.492	0.528106
186.525	0.528099
186.558	0.528093
186.591	0.528087
186.625	0.528081
186.658	0.528075
186.691	0.528069
186.725	0.528064
186.758	0.528058
186.791	0.528053
186.825	0.528047
186.858	0.528042
186.892	0.528037
186.926	0.528032
186.959	0.528027
186.993	0.528023
187.026	0.528019
187.059	0.528014
187.092	0.528010
187.125	0.528006
187.158	0.528002
187.192	0.527998
187.226	0.527994
187.258	0.527991
187.291	0.527988
187.325	0.527984
187.358	0.527981
187.392	0.527978
187.424	0.527976
187.458	0.527972
187.492	0.527970
187.526	0.527967
187.559	0.527965
187.592	0.527963
187.626	0.527960
187.658	0.527958
187.692	0.527956
187.725	0.527954
187.758	0.527952
187.792	0.527950
187.826	0.527948
187.859	0.527947
187.892	0.527945
187.926	0.527944
187.959	0.527943
187.992	0.527941
188.025	0.527940
188.059	0.527939
188.092	0.527938
188.126	0.527937
188.159	0.527937
188.193	0.527936
188.226	0.527936
188.258	0.527936
188.292	0.527936
188.326	0.527936
188.359	0.527936
188.392	0.527936
188.426	0.527936
188.458	0.527936
188.492	0.527937
188.526	0.527937
188.559	0.527937
188.591	0.527938
188.626	0.527939
188.659	0.527940
188.692	0.527941
188.725	0.527941
188.758	0.527942
188.792	0.527943
188.825	0.527944
188.859	0.527946
188.892	0.527947
188.926	0.527948
188.959	0.527949
188.993	0.527951
189.026	0.527952
189.059	0.527954
189.093	0.527956
189.125	0.527958
189.159	0.527959
189.192	0.527962
189.225	0.527964
189.259	0.527966
189.292	0.527968
189.325	0.527971
189.359	0.527973
189.391	0.527976
189.426	0.527979
189.459	0.527981
189.492	0.527984
189.525	0.527987
189.559	0.527991
189.592	0.527994
189.625	0.527997
189.658	0.528001
189.692	0.528004
189.725	0.528008
189.759	0.528012
189.792	0.528016
189.826	0.528019
189.859	0.528023
189.892	0.528027
189.925	0.528031
189.959	0.528035
189.992	0.528039
190.026	0.528043
190.059	0.528048
190.093	0.528052
190.126	0.528057
190.159	0.528062
190.192	0.528066
190.227	0.528071
190.259	0.528076
190.293	0.528081
190.326	0.528086
190.360	0.528091
190.392	0.528096
190.425	0.528101
190.460	0.528107
190.492	0.528112
190.526	0.528117
190.559	0.528122
190.592	0.528128
190.626	0.528133
190.660	0.528139
190.693	0.528144
190.726	0.528149
190.759	0.528155
190.792	0.528161
190.825	0.528166
190.859	0.528172
190.893	0.528177
190.925	0.528183
190.959	0.528189
190.992	0.528195
191.026	0.528201
191.059	0.528207
191.092	0.528213
191.125	0.528219
191.158	0.528225
191.192	0.528231
191.225	0.528238
191.258	0.528244
191.292	0.528250
191.326	0.528256
191.359	0.528262
191.393	0.528269
191.426	0.528275
191.460	0.528282
191.493	0.528288
191.526	0.528295
191.559	0.528301
191.593	0.528308
191.625	0.528315
191.659	0.528322
191.692	0.528329
191.726	0.528336
191.760	0.528343
191.792	0.528350
191.826	0.528357
191.859	0.528364
191.893	0.528371
191.926	0.528378
191.959	0.528386
191.992	0.528393
192.026	0.528401
192.059	0.528408
192.092	0.528416
192.126	0.528423
192.159	0.528431
192.193	0.528439
192.226	0.528446
192.260	0.528454
192.293	0.528462
192.327	0.528470
192.360	0.528478
192.393	0.528487
192.427	0.528495
192.461	0.528503
192.494	0.528511
192.526	0.528520
192.559	0.528528
192.593	0.528537
192.626	0.528546
192.660	0.528554
192.693	0.528563
192.726	0.528572
192.760	0.528581
192.793	0.528590
192.826	0.528599
192.859	0.528608
192.893	0.528616
192.926	0.528625
192.960	0.528634
192.992	0.528643
193.026	0.528652
193.059	0.528661
193.093	0.528670
193.126	0.528679
193.160	0.528689
193.193	0.528698
193.226	0.528707
193.260	0.528717
193.294	0.528726
193.327	0.528735
193.359	0.528745
193.394	0.528754
193.427	0.528764
193.460	0.528774
193.493	0.528784
193.527	0.528793
193.559	0.528803
193.593	0.528813
193.627	0.528823
193.660	0.528833
193.694	0.528843
193.726	0.528853
193.760	0.528863
193.793	0.528873
193.827	0.528883
193.860	0.528893
193.894	0.528903
193.926	0.528914
193.959	0.528924
193.992	0.528934
194.027	0.528944
194.060	0.528955
194.093	0.528965
194.126	0.528976
194.160	0.528986
194.193	0.528996
194.227	0.529007
194.259	0.529018
194.294	0.529028
194.326	0.529039
194.359	0.529049
194.393	0.529060
194.427	0.529070
194.459	0.529081
194.493	0.529092
194.527	0.529102
194.559	0.529112
194.594	0.529123
194.626	0.529134
194.659	0.529144
194.693	0.529155
194.727	0.529166
194.759	0.529176
194.794	0.529187
194.827	0.529197
194.860	0.529208
194.893	0.529218
194.927	0.529229
194.960	0.529239
194.994	0.529250
195.026	0.529261
195.060	0.529271
195.093	0.529281
195.126	0.529292
195.160	0.529302
195.192	0.529312
195.227	0.529323
195.260	0.529333
195.293	0.529344
195.326	0.529354
195.360	0.529364
195.394	0.529375
195.427	0.529385
195.459	0.529395
195.493	0.529406
195.527	0.529416
195.559	0.529427
195.593	0.529437
195.626	0.529447
195.660	0.529458
195.694	0.529468
195.727	0.529479
195.759	0.529489
195.793	0.529499
195.826	0.529509
195.859	0.529520
195.892	0.529530
195.927	0.529541
195.960	0.529551
195.993	0.529561
196.026	0.529572
196.060	0.529582
196.093	0.529593
196.126	0.529603
196.160	0.529613
196.193	0.529623
196.226	0.529634
196.260	0.529644
196.294	0.529654
196.326	0.529664
196.360	0.529674
196.394	0.529684
196.427	0.529695
196.460	0.529705
196.493	0.529715
196.526	0.529725
196.560	0.529735
196.593	0.529744
196.626	0.529754
196.659	0.529764
196.692	0.529774
196.726	0.529784
196.760	0.529794
196.792	0.529804
196.825	0.529814
196.860	0.529824
196.893	0.529834
196.926	0.529844
196.959	0.529853
196.993	0.529863
197.026	0.529873
197.059	0.529883
197.093	0.529893
197.127	0.529902
197.160	0.529912
197.192	0.529922
197.226	0.529932
197.260	0.529941
197.293	0.529951
197.326	0.529961
197.360	0.529971
197.393	0.529981
197.427	0.529990
197.460	0.530000
197.493	0.530010
197.526	0.530020
197.560	0.530029
197.593	0.530039
197.626	0.530049
197.660	0.530059
197.693	0.530069
197.727	0.530079
197.760	0.530089
197.793	0.530099
197.826	0.530109
197.859	0.530118
197.893	0.530128
197.926	0.530138
197.959	0.530147
197.994	0.530157
198.027	0.530167
198.060	0.530177
198.093	0.530186
