# TGA real — EVA-1 EGA, em nitrogenio (figshare 24595695).
# Curva extraida do arquivo EGA do instrumento; cada linha e
# temperatura (C) e massa restante (% da inicial).
# Referencia: para EVA a perda principal fica em 340-480 C em duas
# etapas (desacetilacao e quebra da cadeia).
# Valores do proprio dataset nesta amostra: Td5% ~ 363 C, residuo ~ 6%.
temperature_C,mass_pct
25.59,100.0140
25.60,100.0140
25.61,100.0150
25.62,100.0150
25.63,100.0160
25.64,100.0160
25.65,100.0170
25.66,100.0170
25.66,100.0180
25.67,100.0180
25.68,100.0190
25.69,100.0190
25.70,100.0200
25.71,100.0200
25.72,100.0200
25.73,100.0210
25.74,100.0210
25.74,100.0220
25.75,100.0220
25.76,100.0230
25.77,100.0230
25.78,100.0240
25.79,100.0240
25.80,100.0240
25.81,100.0250
25.82,100.0250
25.83,100.0260
25.83,100.0260
25.84,100.0270
25.85,100.0270
25.86,100.0270
25.87,100.0280
25.88,100.0280
25.89,100.0290
25.90,100.0290
25.91,100.0290
25.91,100.0300
25.92,100.0300
25.93,100.0300
25.94,100.0310
25.95,100.0310
25.96,100.0310
25.97,100.0320
25.98,100.0320
25.99,100.0330
25.99,100.0330
26.00,100.0330
26.01,100.0340
26.02,100.0340
26.03,100.0340
26.04,100.0340
26.05,100.0350
26.06,100.0350
26.07,100.0350
26.08,100.0360
26.08,100.0360
26.09,100.0360
26.10,100.0370
26.11,100.0370
26.12,100.0370
26.13,100.0370
26.14,100.0380
26.15,100.0380
26.16,100.0380
26.17,100.0390
26.18,100.0390
26.19,100.0390
26.20,100.0390
26.20,100.0400
26.21,100.0400
26.22,100.0400
26.23,100.0400
26.24,100.0410
26.25,100.0410
26.26,100.0410
26.27,100.0410
26.28,100.0420
26.29,100.0420
26.30,100.0420
26.31,100.0420
26.32,100.0420
26.33,100.0430
26.34,100.0430
26.35,100.0430
26.36,100.0430
26.37,100.0440
26.38,100.0440
26.39,100.0440
26.40,100.0440
26.42,100.0440
26.43,100.0450
26.44,100.0450
26.45,100.0450
26.46,100.0450
26.47,100.0450
26.48,100.0460
26.49,100.0460
26.50,100.0460
26.51,100.0460
26.53,100.0460
26.54,100.0460
26.55,100.0470
26.56,100.0470
26.57,100.0470
26.58,100.0470
26.59,100.0470
26.61,100.0470
26.62,100.0480
26.63,100.0480
26.64,100.0480
26.65,100.0480
26.67,100.0480
26.68,100.0480
26.69,100.0490
26.70,100.0490
26.72,100.0490
26.73,100.0490
26.74,100.0490
26.75,100.0490
26.77,100.0490
26.78,100.0500
26.79,100.0500
26.81,100.0500
26.82,100.0500
26.83,100.0500
26.85,100.0500
26.86,100.0500
26.87,100.0510
26.89,100.0510
26.90,100.0510
26.91,100.0510
26.93,100.0510
26.94,100.0510
26.96,100.0510
26.97,100.0510
26.98,100.0520
27.00,100.0520
27.01,100.0520
27.03,100.0520
27.04,100.0520
27.06,100.0520
27.07,100.0520
27.09,100.0520
27.10,100.0530
27.12,100.0530
27.13,100.0530
27.15,100.0530
27.16,100.0530
27.18,100.0530
27.20,100.0530
27.21,100.0530
27.23,100.0530
27.24,100.0530
27.26,100.0540
27.28,100.0540
27.29,100.0540
27.31,100.0540
27.33,100.0540
27.34,100.0540
27.36,100.0540
27.38,100.0540
27.39,100.0540
27.41,100.0540
27.43,100.0550
27.45,100.0550
27.46,100.0550
27.48,100.0550
27.50,100.0550
27.52,100.0550
27.54,100.0550
27.55,100.0550
27.57,100.0550
27.59,100.0550
27.61,100.0550
27.63,100.0550
27.65,100.0560
27.67,100.0560
27.68,100.0560
27.70,100.0560
27.72,100.0560
27.74,100.0560
27.76,100.0560
27.78,100.0560
27.80,100.0560
27.82,100.0560
27.84,100.0560
27.86,100.0560
27.88,100.0560
27.90,100.0570
27.92,100.0570
27.94,100.0570
27.96,100.0570
27.98,100.0570
28.00,100.0570
28.02,100.0570
28.05,100.0570
28.07,100.0570
28.09,100.0570
28.11,100.0570
28.13,100.0570
28.15,100.0570
28.18,100.0570
28.20,100.0570
28.22,100.0570
28.24,100.0580
28.26,100.0580
28.29,100.0580
28.31,100.0580
28.33,100.0580
28.36,100.0580
28.38,100.0580
28.40,100.0580
28.43,100.0580
28.45,100.0580
28.47,100.0580
28.50,100.0580
28.52,100.0580
28.55,100.0580
28.57,100.0580
28.59,100.0580
28.62,100.0580
28.64,100.0580
28.67,100.0590
28.69,100.0590
28.72,100.0590
28.74,100.0590
28.77,100.0590
28.80,100.0590
28.82,100.0590
28.85,100.0590
28.87,100.0590
28.90,100.0590
28.93,100.0590
28.95,100.0590
28.98,100.0590
29.01,100.0590
29.03,100.0590
29.06,100.0590
29.09,100.0590
29.11,100.0590
29.14,100.0590
29.17,100.0590
29.20,100.0590
29.23,100.0590
29.25,100.0590
29.28,100.0590
29.31,100.0590
29.34,100.0590
29.37,100.0600
29.40,100.0600
29.43,100.0600
29.46,100.0600
29.49,100.0600
29.51,100.0600
29.54,100.0600
29.57,100.0600
29.60,100.0600
29.63,100.0600
29.66,100.0600
29.69,100.0600
29.73,100.0600
29.76,100.0600
29.79,100.0600
29.82,100.0600
29.85,100.0600
29.88,100.0600
29.91,100.0600
29.94,100.0600
29.97,100.0600
30.01,100.0600
30.04,100.0600
30.07,100.0600
30.10,100.0600
30.14,100.0600
30.17,100.0600
30.20,100.0600
30.23,100.0600
30.27,100.0600
30.30,100.0600
30.33,100.0600
30.37,100.0600
30.40,100.0600
30.43,100.0600
30.47,100.0600
30.50,100.0600
30.54,100.0600
30.57,100.0600
30.61,100.0600
30.64,100.0600
30.67,100.0610
30.71,100.0610
30.74,100.0610
30.78,100.0610
30.82,100.0610
30.85,100.0610
30.89,100.0610
30.92,100.0610
30.96,100.0610
31.00,100.0610
31.03,100.0610
31.07,100.0610
31.10,100.0610
31.14,100.0610
31.18,100.0610
31.22,100.0610
31.25,100.0610
31.29,100.0610
31.33,100.0610
31.37,100.0610
31.40,100.0610
31.44,100.0610
31.48,100.0610
31.52,100.0610
31.56,100.0610
31.59,100.0610
31.63,100.0610
31.67,100.0610
31.71,100.0610
31.75,100.0610
31.79,100.0610
31.83,100.0610
31.87,100.0610
31.91,100.0610
31.95,100.0610
31.99,100.0610
32.03,100.0610
32.07,100.0610
32.11,100.0610
32.15,100.0610
32.19,100.0610
32.23,100.0610
32.27,100.0610
32.32,100.0610
32.36,100.0610
32.40,100.0610
32.44,100.0610
32.48,100.0610
32.52,100.0610
32.57,100.0610
32.61,100.0610
32.65,100.0610
32.69,100.0610
32.74,100.0610
32.78,100.0610
32.82,100.0610
32.87,100.0610
32.91,100.0610
32.95,100.0610
33.00,100.0610
33.04,100.0610
33.09,100.0610
33.13,100.0610
33.17,100.0610
33.22,100.0610
33.26,100.0610
33.31,100.0610
33.35,100.0600
33.40,100.0600
33.44,100.0600
33.49,100.0600
33.53,100.0600
33.58,100.0600
33.63,100.0600
33.67,100.0600
33.72,100.0600
33.77,100.0600
33.81,100.0600
33.86,100.0600
33.91,100.0600
33.95,100.0600
34.00,100.0600
34.05,100.0600
34.09,100.0600
34.14,100.0600
34.19,100.0600
34.24,100.0600
34.29,100.0600
34.33,100.0600
34.38,100.0600
34.43,100.0600
34.48,100.0600
34.53,100.0600
34.58,100.0600
34.63,100.0600
34.67,100.0600
34.72,100.0600
34.77,100.0600
34.82,100.0600
34.87,100.0590
34.92,100.0590
34.97,100.0590
35.02,100.0590
35.07,100.0590
35.12,100.0590
35.17,100.0590
35.22,100.0590
35.28,100.0590
35.33,100.0590
35.38,100.0590
35.43,100.0590
35.48,100.0590
35.53,100.0590
35.58,100.0590
35.64,100.0590
35.69,100.0590
35.74,100.0590
35.79,100.0590
35.85,100.0590
35.90,100.0590
35.95,100.0590
36.00,100.0590
36.06,100.0590
36.11,100.0590
36.16,100.0580
36.22,100.0580
36.27,100.0580
36.33,100.0580
36.38,100.0580
36.43,100.0580
36.49,100.0580
36.54,100.0580
36.60,100.0580
36.65,100.0580
36.71,100.0580
36.76,100.0580
36.82,100.0580
36.87,100.0580
36.93,100.0580
36.98,100.0580
37.04,100.0580
37.09,100.0580
37.15,100.0580
37.21,100.0580
37.26,100.0580
37.32,100.0580
37.38,100.0580
37.43,100.0570
37.49,100.0570
37.55,100.0570
37.60,100.0570
37.66,100.0570
37.72,100.0570
37.78,100.0570
37.83,100.0570
37.89,100.0570
37.95,100.0570
38.01,100.0570
38.07,100.0570
38.12,100.0570
38.18,100.0570
38.24,100.0570
38.30,100.0570
38.36,100.0570
38.42,100.0570
38.48,100.0570
38.54,100.0570
38.60,100.0570
38.65,100.0570
38.71,100.0570
38.77,100.0570
38.83,100.0570
38.89,100.0570
38.95,100.0560
39.01,100.0560
39.07,100.0560
39.13,100.0560
39.20,100.0560
39.26,100.0560
39.32,100.0560
39.38,100.0560
39.44,100.0560
39.50,100.0560
39.56,100.0560
39.62,100.0560
39.69,100.0560
39.75,100.0560
39.81,100.0560
39.87,100.0560
39.93,100.0560
40.00,100.0560
40.06,100.0560
40.12,100.0560
40.18,100.0560
40.25,100.0560
40.31,100.0560
40.37,100.0560
40.43,100.0560
40.50,100.0560
40.56,100.0560
40.62,100.0560
40.69,100.0550
40.75,100.0550
40.82,100.0550
40.88,100.0550
40.94,100.0550
41.01,100.0550
41.07,100.0550
41.14,100.0550
41.20,100.0550
41.27,100.0550
41.33,100.0550
41.39,100.0550
41.46,100.0550
41.52,100.0550
41.59,100.0550
41.65,100.0550
41.72,100.0550
41.79,100.0550
41.85,100.0550
41.92,100.0550
41.98,100.0550
42.05,100.0550
42.11,100.0550
42.18,100.0550
42.25,100.0550
42.31,100.0550
42.38,100.0550
42.45,100.0550
42.51,100.0550
42.58,100.0550
42.65,100.0550
42.71,100.0550
42.78,100.0550
42.85,100.0550
42.91,100.0550
42.98,100.0550
43.05,100.0550
43.12,100.0550
43.18,100.0550
43.25,100.0550
43.32,100.0550
43.39,100.0540
43.46,100.0540
43.52,100.0540
43.59,100.0540
43.66,100.0540
43.73,100.0540
43.80,100.0540
43.87,100.0540
43.94,100.0540
44.00,100.0540
44.07,100.0540
44.14,100.0540
44.21,100.0540
44.28,100.0540
44.35,100.0540
44.42,100.0540
44.49,100.0540
44.56,100.0540
44.63,100.0540
44.70,100.0540
44.77,100.0540
44.84,100.0540
44.91,100.0540
44.98,100.0540
45.05,100.0540
45.12,100.0540
45.19,100.0540
45.26,100.0540
45.34,100.0540
45.41,100.0540
45.48,100.0540
45.55,100.0540
45.62,100.0540
45.69,100.0540
45.76,100.0540
45.83,100.0540
45.91,100.0540
45.98,100.0540
46.05,100.0540
46.12,100.0540
46.19,100.0540
46.27,100.0540
46.34,100.0540
46.41,100.0540
46.48,100.0540
46.56,100.0540
46.63,100.0540
46.70,100.0540
46.78,100.0540
46.85,100.0540
46.92,100.0540
47.00,100.0540
47.07,100.0540
47.14,100.0540
47.22,100.0540
47.29,100.0540
47.36,100.0540
47.44,100.0540
47.51,100.0540
47.59,100.0540
47.66,100.0540
47.74,100.0540
47.81,100.0540
47.88,100.0540
47.96,100.0540
48.03,100.0540
48.11,100.0540
48.18,100.0540
48.26,100.0540
48.33,100.0540
48.41,100.0540
48.48,100.0540
48.56,100.0540
48.64,100.0540
48.71,100.0540
48.79,100.0540
48.86,100.0540
48.94,100.0540
49.01,100.0540
49.09,100.0540
49.17,100.0540
49.24,100.0540
49.32,100.0540
49.40,100.0540
49.47,100.0540
49.55,100.0540
49.63,100.0540
49.70,100.0540
49.78,100.0540
49.86,100.0540
49.93,100.0540
50.01,100.0540
50.09,100.0540
50.17,100.0540
50.24,100.0540
50.32,100.0540
50.40,100.0540
50.48,100.0540
50.55,100.0540
50.63,100.0540
50.71,100.0550
50.79,100.0550
50.87,100.0550
50.94,100.0550
51.02,100.0550
51.10,100.0550
51.18,100.0550
51.26,100.0550
51.34,100.0550
51.42,100.0550
51.50,100.0550
51.57,100.0550
51.65,100.0550
51.73,100.0550
51.81,100.0550
51.89,100.0550
51.97,100.0550
52.05,100.0550
52.13,100.0550
52.21,100.0550
52.29,100.0550
52.37,100.0550
52.45,100.0550
52.53,100.0550
52.61,100.0550
52.69,100.0550
52.77,100.0550
52.85,100.0550
52.93,100.0550
53.01,100.0550
53.09,100.0550
53.17,100.0550
53.26,100.0550
53.34,100.0550
53.42,100.0550
53.50,100.0550
53.58,100.0550
53.66,100.0550
53.74,100.0550
53.83,100.0550
53.91,100.0550
53.99,100.0550
54.07,100.0550
54.15,100.0550
54.23,100.0550
54.32,100.0550
54.40,100.0550
54.48,100.0550
54.56,100.0550
54.65,100.0550
54.73,100.0550
54.81,100.0550
54.89,100.0550
54.98,100.0550
55.06,100.0550
55.14,100.0550
55.23,100.0550
55.31,100.0550
55.39,100.0550
55.48,100.0550
55.56,100.0550
55.64,100.0550
55.73,100.0550
55.81,100.0550
55.89,100.0550
55.98,100.0550
56.06,100.0550
56.14,100.0550
56.23,100.0550
56.31,100.0560
56.40,100.0560
56.48,100.0560
56.57,100.0560
56.65,100.0560
56.73,100.0560
56.82,100.0560
56.90,100.0560
56.99,100.0560
57.07,100.0560
57.16,100.0560
57.24,100.0560
57.33,100.0560
57.41,100.0560
57.50,100.0560
57.58,100.0560
57.67,100.0560
57.75,100.0560
57.84,100.0560
57.93,100.0560
58.01,100.0560
58.10,100.0560
58.18,100.0560
58.27,100.0560
58.35,100.0560
58.44,100.0560
58.53,100.0560
58.61,100.0560
58.70,100.0560
58.78,100.0560
58.87,100.0550
58.96,100.0550
59.04,100.0550
59.13,100.0550
59.22,100.0550
59.30,100.0550
59.39,100.0550
59.48,100.0550
59.56,100.0550
59.65,100.0550
59.74,100.0550
59.82,100.0550
59.91,100.0550
60.00,100.0550
60.09,100.0550
60.17,100.0550
60.26,100.0550
60.35,100.0550
60.44,100.0550
60.52,100.0550
60.61,100.0550
60.70,100.0550
60.79,100.0550
60.87,100.0550
60.96,100.0550
61.05,100.0550
61.14,100.0550
61.22,100.0550
61.31,100.0550
61.40,100.0550
61.49,100.0550
61.58,100.0550
61.66,100.0550
61.75,100.0550
61.84,100.0550
61.93,100.0550
62.02,100.0540
62.11,100.0540
62.19,100.0540
62.28,100.0540
62.37,100.0540
62.46,100.0540
62.55,100.0540
62.64,100.0540
62.73,100.0540
62.81,100.0540
62.90,100.0540
62.99,100.0540
63.08,100.0540
63.17,100.0540
63.26,100.0540
63.35,100.0540
63.44,100.0540
63.53,100.0540
63.62,100.0540
63.71,100.0540
63.80,100.0540
63.89,100.0540
63.98,100.0540
64.06,100.0530
64.15,100.0530
64.24,100.0530
64.33,100.0530
64.42,100.0530
64.51,100.0530
64.60,100.0530
64.69,100.0530
64.78,100.0530
64.87,100.0530
64.96,100.0530
65.05,100.0530
65.14,100.0530
65.23,100.0530
65.32,100.0530
65.42,100.0530
65.51,100.0520
65.60,100.0520
65.69,100.0520
65.78,100.0520
65.87,100.0520
65.96,100.0520
66.05,100.0520
66.14,100.0520
66.23,100.0520
66.32,100.0520
66.41,100.0520
66.50,100.0520
66.59,100.0520
66.68,100.0520
66.78,100.0510
66.87,100.0510
66.96,100.0510
67.05,100.0510
67.14,100.0510
67.23,100.0510
67.32,100.0510
67.41,100.0510
67.50,100.0510
67.60,100.0510
67.69,100.0510
67.78,100.0510
67.87,100.0510
67.96,100.0500
68.05,100.0500
68.14,100.0500
68.24,100.0500
68.33,100.0500
68.42,100.0500
68.51,100.0500
68.60,100.0500
68.69,100.0500
68.79,100.0500
68.88,100.0500
68.97,100.0500
69.06,100.0490
69.15,100.0490
69.25,100.0490
69.34,100.0490
69.43,100.0490
69.52,100.0490
69.61,100.0490
69.71,100.0490
69.80,100.0490
69.89,100.0490
69.98,100.0490
70.08,100.0480
70.17,100.0480
70.26,100.0480
70.35,100.0480
70.45,100.0480
70.54,100.0480
70.63,100.0480
70.72,100.0480
70.82,100.0480
70.91,100.0480
71.00,100.0480
71.09,100.0470
71.19,100.0470
71.28,100.0470
71.37,100.0470
71.47,100.0470
71.56,100.0470
71.65,100.0470
71.75,100.0470
71.84,100.0470
71.93,100.0470
72.03,100.0470
72.12,100.0460
72.21,100.0460
72.31,100.0460
72.40,100.0460
72.49,100.0460
72.59,100.0460
72.68,100.0460
72.78,100.0460
72.87,100.0460
72.96,100.0460
73.06,100.0460
73.15,100.0450
73.24,100.0450
73.34,100.0450
73.43,100.0450
73.53,100.0450
73.62,100.0450
73.72,100.0450
73.81,100.0450
73.90,100.0450
74.00,100.0450
74.09,100.0450
74.19,100.0440
74.28,100.0440
74.38,100.0440
74.47,100.0440
74.57,100.0440
74.66,100.0440
74.76,100.0440
74.85,100.0440
74.95,100.0440
75.04,100.0440
75.14,100.0430
75.23,100.0430
75.33,100.0430
75.42,100.0430
75.52,100.0430
75.61,100.0430
75.71,100.0430
75.80,100.0430
75.90,100.0430
75.99,100.0430
76.09,100.0430
76.19,100.0420
76.28,100.0420
76.38,100.0420
76.47,100.0420
76.57,100.0420
76.67,100.0420
76.76,100.0420
76.86,100.0420
76.95,100.0420
77.05,100.0420
77.15,100.0410
77.24,100.0410
77.34,100.0410
77.43,100.0410
77.53,100.0410
77.63,100.0410
77.72,100.0410
77.82,100.0410
77.92,100.0410
78.01,100.0410
78.11,100.0400
78.21,100.0400
78.30,100.0400
78.40,100.0400
78.50,100.0400
78.59,100.0400
78.69,100.0400
78.79,100.0400
78.88,100.0400
78.98,100.0390
79.08,100.0390
79.18,100.0390
79.27,100.0390
79.37,100.0390
79.47,100.0390
79.56,100.0390
79.66,100.0390
79.76,100.0390
79.86,100.0380
79.95,100.0380
80.05,100.0380
80.15,100.0380
80.24,100.0380
80.34,100.0380
80.44,100.0380
80.54,100.0380
80.63,100.0380
80.73,100.0370
80.83,100.0370
80.92,100.0370
81.02,100.0370
81.12,100.0370
81.22,100.0370
81.31,100.0370
81.41,100.0370
81.51,100.0370
81.61,100.0360
81.70,100.0360
81.80,100.0360
81.90,100.0360
81.99,100.0360
82.09,100.0360
82.19,100.0360
82.29,100.0360
82.38,100.0360
82.48,100.0350
82.58,100.0350
82.68,100.0350
82.77,100.0350
82.87,100.0350
82.97,100.0350
83.06,100.0350
83.16,100.0350
83.26,100.0350
83.36,100.0340
83.45,100.0340
83.55,100.0340
83.65,100.0340
83.75,100.0340
83.84,100.0340
83.94,100.0340
84.04,100.0340
84.14,100.0340
84.23,100.0330
84.33,100.0330
84.43,100.0330
84.52,100.0330
84.62,100.0330
84.72,100.0330
84.82,100.0330
84.91,100.0330
85.01,100.0330
85.11,100.0330
85.20,100.0320
85.30,100.0320
85.40,100.0320
85.50,100.0320
85.59,100.0320
85.69,100.0320
85.79,100.0320
85.88,100.0320
85.98,100.0320
86.08,100.0310
86.18,100.0310
86.27,100.0310
86.37,100.0310
86.47,100.0310
86.56,100.0310
86.66,100.0310
86.76,100.0310
86.85,100.0310
86.95,100.0300
87.05,100.0300
87.14,100.0300
87.24,100.0300
87.34,100.0300
87.43,100.0300
87.53,100.0300
87.63,100.0300
87.73,100.0300
87.82,100.0300
87.92,100.0290
88.02,100.0290
88.11,100.0290
88.21,100.0290
88.31,100.0290
88.40,100.0290
88.50,100.0290
88.60,100.0290
88.69,100.0290
88.79,100.0280
88.89,100.0280
88.98,100.0280
89.08,100.0280
89.18,100.0280
89.27,100.0280
89.37,100.0280
89.47,100.0280
89.56,100.0280
89.66,100.0280
89.76,100.0270
89.85,100.0270
89.95,100.0270
90.04,100.0270
90.14,100.0270
90.24,100.0270
90.33,100.0270
90.43,100.0270
90.53,100.0270
90.62,100.0270
90.72,100.0260
90.82,100.0260
90.91,100.0260
91.01,100.0260
91.11,100.0260
91.20,100.0260
91.30,100.0260
91.39,100.0260
91.49,100.0260
91.59,100.0260
91.68,100.0260
91.78,100.0250
91.88,100.0250
91.97,100.0250
92.07,100.0250
92.17,100.0250
92.26,100.0250
92.36,100.0250
92.45,100.0250
92.55,100.0250
92.65,100.0250
92.74,100.0250
92.84,100.0250
92.94,100.0240
93.03,100.0240
93.13,100.0240
93.22,100.0240
93.32,100.0240
93.42,100.0240
93.51,100.0240
93.61,100.0240
93.70,100.0240
93.80,100.0240
93.90,100.0240
93.99,100.0240
94.09,100.0240
94.18,100.0230
94.28,100.0230
94.38,100.0230
94.47,100.0230
94.57,100.0230
94.66,100.0230
94.76,100.0230
94.86,100.0230
94.95,100.0230
95.05,100.0230
95.14,100.0230
95.24,100.0230
95.33,100.0230
95.43,100.0230
95.53,100.0220
95.62,100.0220
95.72,100.0220
95.81,100.0220
95.91,100.0220
96.00,100.0220
96.10,100.0220
96.19,100.0220
96.29,100.0220
96.39,100.0220
96.48,100.0220
96.58,100.0220
96.67,100.0220
96.77,100.0220
96.86,100.0220
96.96,100.0210
97.05,100.0210
97.15,100.0210
97.24,100.0210
97.34,100.0210
97.44,100.0210
97.53,100.0210
97.63,100.0210
97.72,100.0210
97.82,100.0210
97.91,100.0210
98.01,100.0210
98.10,100.0210
98.20,100.0210
98.29,100.0210
98.39,100.0200
98.48,100.0200
98.58,100.0200
98.67,100.0200
98.77,100.0200
98.86,100.0200
98.96,100.0200
99.05,100.0200
99.15,100.0200
99.24,100.0200
99.34,100.0200
99.43,100.0200
99.53,100.0200
99.62,100.0200
99.72,100.0200
99.81,100.0190
99.91,100.0190
100.00,100.0190
100.10,100.0190
100.19,100.0190
100.29,100.0190
100.38,100.0190
100.47,100.0190
100.57,100.0190
100.66,100.0190
100.76,100.0190
100.85,100.0190
100.95,100.0190
101.04,100.0190
101.14,100.0190
101.23,100.0190
101.33,100.0190
101.42,100.0180
101.51,100.0180
101.61,100.0180
101.70,100.0180
101.80,100.0180
101.89,100.0180
101.99,100.0180
102.08,100.0180
102.18,100.0180
102.27,100.0180
102.36,100.0180
102.46,100.0180
102.55,100.0180
102.65,100.0180
102.74,100.0180
102.83,100.0180
102.93,100.0180
103.02,100.0180
103.12,100.0170
103.21,100.0170
103.30,100.0170
103.40,100.0170
103.49,100.0170
103.59,100.0170
103.68,100.0170
103.77,100.0170
103.87,100.0170
103.96,100.0170
104.06,100.0170
104.15,100.0170
104.24,100.0170
104.34,100.0170
104.43,100.0170
104.52,100.0170
104.62,100.0170
104.71,100.0170
104.81,100.0170
104.90,100.0170
104.99,100.0170
105.09,100.0170
105.18,100.0160
105.27,100.0160
105.37,100.0160
105.46,100.0160
105.55,100.0160
105.65,100.0160
105.74,100.0160
105.83,100.0160
105.93,100.0160
106.02,100.0160
106.11,100.0160
106.21,100.0160
106.30,100.0160
106.39,100.0160
106.49,100.0160
106.58,100.0160
106.67,100.0160
106.77,100.0160
106.86,100.0160
106.95,100.0160
107.05,100.0160
107.14,100.0160
107.23,100.0150
107.33,100.0150
107.42,100.0150
107.51,100.0150
107.61,100.0150
107.70,100.0150
107.79,100.0150
107.88,100.0150
107.98,100.0150
108.07,100.0150
108.16,100.0150
108.26,100.0150
108.35,100.0150
108.44,100.0150
108.53,100.0150
108.63,100.0150
108.72,100.0150
108.81,100.0150
108.90,100.0150
109.00,100.0150
109.09,100.0150
109.18,100.0150
109.28,100.0150
109.37,100.0150
109.46,100.0150
109.55,100.0140
109.65,100.0140
109.74,100.0140
109.83,100.0140
109.92,100.0140
110.01,100.0140
110.11,100.0140
110.20,100.0140
110.29,100.0140
110.38,100.0140
110.48,100.0140
110.57,100.0140
110.66,100.0140
110.75,100.0140
110.84,100.0140
110.94,100.0140
111.03,100.0140
111.12,100.0140
111.21,100.0140
111.31,100.0140
111.40,100.0140
111.49,100.0140
111.58,100.0140
111.67,100.0140
111.76,100.0140
111.86,100.0140
111.95,100.0140
112.04,100.0140
112.13,100.0140
112.22,100.0130
112.31,100.0130
112.41,100.0130
112.50,100.0130
112.59,100.0130
112.68,100.0130
112.77,100.0130
112.86,100.0130
112.96,100.0130
113.05,100.0130
113.14,100.0130
113.23,100.0130
113.32,100.0130
113.41,100.0130
113.50,100.0130
113.60,100.0130
113.69,100.0130
113.78,100.0130
113.87,100.0130
113.96,100.0130
114.05,100.0130
114.14,100.0130
114.23,100.0130
114.32,100.0130
114.42,100.0130
114.51,100.0130
114.60,100.0130
114.69,100.0130
114.78,100.0130
114.87,100.0120
114.96,100.0120
115.05,100.0120
115.14,100.0120
115.23,100.0120
115.33,100.0120
115.42,100.0120
115.51,100.0120
115.60,100.0120
115.69,100.0120
115.78,100.0120
115.87,100.0120
115.96,100.0120
116.05,100.0120
116.14,100.0120
116.23,100.0120
116.32,100.0120
116.41,100.0120
116.50,100.0120
116.59,100.0120
116.68,100.0120
116.77,100.0120
116.87,100.0120
116.96,100.0120
117.05,100.0120
117.14,100.0120
117.23,100.0120
117.32,100.0120
117.41,100.0110
117.50,100.0110
117.59,100.0110
117.68,100.0110
117.77,100.0110
117.86,100.0110
117.95,100.0110
118.04,100.0110
118.13,100.0110
118.22,100.0110
118.31,100.0110
118.40,100.0110
118.49,100.0110
118.58,100.0110
118.67,100.0110
118.76,100.0110
118.85,100.0110
118.94,100.0110
119.03,100.0110
119.12,100.0110
119.21,100.0110
119.30,100.0110
119.39,100.0110
119.48,100.0110
119.57,100.0110
119.66,100.0110
119.75,100.0100
119.83,100.0100
119.92,100.0100
120.01,100.0100
120.10,100.0100
120.19,100.0100
120.28,100.0100
120.37,100.0100
120.46,100.0100
120.55,100.0100
120.64,100.0100
120.73,100.0100
120.82,100.0100
120.91,100.0100
121.00,100.0100
121.09,100.0100
121.18,100.0100
121.26,100.0100
121.35,100.0100
121.44,100.0100
121.53,100.0100
121.62,100.0100
121.71,100.0100
121.80,100.0090
121.89,100.0090
121.98,100.0090
122.07,100.0090
122.15,100.0090
122.24,100.0090
122.33,100.0090
122.42,100.0090
122.51,100.0090
122.60,100.0090
122.69,100.0090
122.78,100.0090
122.86,100.0090
122.95,100.0090
123.04,100.0090
123.13,100.0090
123.22,100.0090
123.31,100.0090
123.40,100.0090
123.48,100.0090
123.57,100.0090
123.66,100.0090
123.75,100.0090
123.84,100.0090
123.93,100.0080
124.01,100.0080
124.10,100.0080
124.19,100.0080
124.28,100.0080
124.37,100.0080
124.46,100.0080
124.54,100.0080
124.63,100.0080
124.72,100.0080
124.81,100.0080
124.90,100.0080
124.98,100.0080
125.07,100.0080
125.16,100.0080
125.25,100.0080
125.34,100.0080
125.42,100.0080
125.51,100.0080
125.60,100.0080
125.69,100.0080
125.77,100.0080
125.86,100.0080
125.95,100.0080
126.04,100.0070
126.13,100.0070
126.21,100.0070
126.30,100.0070
126.39,100.0070
126.48,100.0070
126.56,100.0070
126.65,100.0070
126.74,100.0070
126.83,100.0070
126.92,100.0070
127.00,100.0070
127.09,100.0070
127.18,100.0070
127.27,100.0070
127.35,100.0070
127.44,100.0070
127.53,100.0070
127.61,100.0070
127.70,100.0070
127.79,100.0070
127.88,100.0070
127.96,100.0070
128.05,100.0060
128.14,100.0060
128.22,100.0060
128.31,100.0060
128.40,100.0060
128.49,100.0060
128.57,100.0060
128.66,100.0060
128.75,100.0060
128.83,100.0060
128.92,100.0060
129.01,100.0060
129.10,100.0060
129.18,100.0060
129.27,100.0060
129.36,100.0060
129.44,100.0060
129.53,100.0060
129.62,100.0060
129.70,100.0060
129.79,100.0060
129.88,100.0060
129.96,100.0050
130.05,100.0050
130.14,100.0050
130.22,100.0050
130.31,100.0050
130.40,100.0050
130.48,100.0050
130.57,100.0050
130.66,100.0050
130.74,100.0050
130.83,100.0050
130.91,100.0050
131.00,100.0050
131.09,100.0050
131.17,100.0050
131.26,100.0050
131.35,100.0050
131.43,100.0050
131.52,100.0050
131.60,100.0050
131.69,100.0050
131.78,100.0050
131.86,100.0040
131.95,100.0040
132.04,100.0040
132.12,100.0040
132.21,100.0040
132.29,100.0040
132.38,100.0040
132.47,100.0040
132.55,100.0040
132.64,100.0040
132.72,100.0040
132.81,100.0040
132.90,100.0040
132.98,100.0040
133.07,100.0040
133.15,100.0040
133.24,100.0040
133.32,100.0040
133.41,100.0040
133.50,100.0040
133.58,100.0040
133.67,100.0030
133.75,100.0030
133.84,100.0030
133.92,100.0030
134.01,100.0030
134.10,100.0030
134.18,100.0030
134.27,100.0030
134.35,100.0030
134.44,100.0030
134.52,100.0030
134.61,100.0030
134.69,100.0030
134.78,100.0030
134.87,100.0030
134.95,100.0030
135.04,100.0030
135.12,100.0030
135.21,100.0030
135.29,100.0030
135.38,100.0030
135.46,100.0020
135.55,100.0020
135.63,100.0020
135.72,100.0020
135.80,100.0020
135.89,100.0020
135.97,100.0020
136.06,100.0020
136.14,100.0020
136.23,100.0020
136.32,100.0020
136.40,100.0020
136.49,100.0020
136.57,100.0020
136.66,100.0020
136.74,100.0020
136.83,100.0020
136.91,100.0020
137.00,100.0020
137.08,100.0020
137.17,100.0020
137.25,100.0020
137.33,100.0020
137.42,100.0010
137.50,100.0010
137.59,100.0010
137.67,100.0010
137.76,100.0010
137.84,100.0010
137.93,100.0010
138.01,100.0010
138.10,100.0010
138.18,100.0010
138.27,100.0010
138.35,100.0010
138.44,100.0010
138.52,100.0010
138.61,100.0010
138.69,100.0010
138.77,100.0010
138.86,100.0010
138.94,100.0010
139.03,100.0010
139.11,100.0010
139.20,100.0010
139.28,100.0010
139.37,100.0010
139.45,100.0010
139.53,100.0010
139.62,100.0010
139.70,100.0000
139.79,100.0000
139.87,100.0000
139.96,100.0000
140.04,100.0000
140.12,100.0000
140.21,100.0000
140.29,100.0000
140.38,100.0000
140.46,100.0000
140.54,100.0000
140.63,100.0000
140.71,100.0000
140.80,100.0000
140.88,100.0000
140.96,100.0000
141.05,100.0000
141.13,100.0000
141.22,100.0000
141.30,100.0000
141.38,100.0000
141.47,100.0000
141.55,100.0000
141.64,100.0000
141.72,100.0000
141.80,100.0000
141.89,99.9990
141.97,99.9990
142.06,99.9990
142.14,99.9990
142.22,99.9990
142.31,99.9990
142.39,99.9990
142.47,99.9990
142.56,99.9990
142.64,99.9990
142.73,99.9990
142.81,99.9990
142.89,99.9990
142.98,99.9990
143.06,99.9990
143.14,99.9990
143.23,99.9990
143.31,99.9990
143.39,99.9990
143.48,99.9990
143.56,99.9990
143.64,99.9990
143.73,99.9990
143.81,99.9990
143.89,99.9990
143.98,99.9990
144.06,99.9980
144.15,99.9980
144.23,99.9980
144.31,99.9980
144.40,99.9980
144.48,99.9980
144.56,99.9980
144.64,99.9980
144.73,99.9980
144.81,99.9980
144.89,99.9980
144.98,99.9980
145.06,99.9980
145.14,99.9980
145.23,99.9980
145.31,99.9980
145.39,99.9980
145.48,99.9980
145.56,99.9980
145.64,99.9980
145.73,99.9980
145.81,99.9980
145.89,99.9980
145.98,99.9980
146.06,99.9970
146.14,99.9970
146.22,99.9970
146.31,99.9970
146.39,99.9970
146.47,99.9970
146.56,99.9970
146.64,99.9970
146.72,99.9970
146.80,99.9970
146.89,99.9970
146.97,99.9970
147.05,99.9970
147.14,99.9970
147.22,99.9970
147.30,99.9970
147.39,99.9970
147.47,99.9970
147.55,99.9970
147.63,99.9970
147.72,99.9970
147.80,99.9960
147.88,99.9960
147.96,99.9960
148.05,99.9960
148.13,99.9960
148.21,99.9960
148.29,99.9960
148.38,99.9960
148.46,99.9960
148.54,99.9960
148.63,99.9960
148.71,99.9960
148.79,99.9960
148.87,99.9960
148.96,99.9960
149.04,99.9960
149.12,99.9960
149.20,99.9960
149.29,99.9960
149.37,99.9950
149.45,99.9950
149.53,99.9950
149.62,99.9950
149.70,99.9950
149.78,99.9950
149.86,99.9950
149.94,99.9950
150.03,99.9950
150.11,99.9950
150.19,99.9950
150.27,99.9950
150.36,99.9950
150.44,99.9950
150.52,99.9950
150.60,99.9950
150.69,99.9950
150.77,99.9950
150.85,99.9940
150.93,99.9940
151.02,99.9940
151.10,99.9940
151.18,99.9940
151.26,99.9940
151.34,99.9940
151.43,99.9940
151.51,99.9940
151.59,99.9940
151.67,99.9940
151.75,99.9940
151.84,99.9940
151.92,99.9940
152.00,99.9940
152.08,99.9940
152.17,99.9940
152.25,99.9940
152.33,99.9940
152.41,99.9930
152.49,99.9930
152.58,99.9930
152.66,99.9930
152.74,99.9930
152.82,99.9930
152.90,99.9930
152.99,99.9930
153.07,99.9930
153.15,99.9930
153.23,99.9930
153.31,99.9930
153.40,99.9930
153.48,99.9930
153.56,99.9930
153.64,99.9930
153.72,99.9930
153.80,99.9930
153.89,99.9930
153.97,99.9920
154.05,99.9920
154.13,99.9920
154.21,99.9920
154.30,99.9920
154.38,99.9920
154.46,99.9920
154.54,99.9920
154.62,99.9920
154.70,99.9920
154.79,99.9920
154.87,99.9920
154.95,99.9920
155.03,99.9920
155.11,99.9920
155.19,99.9920
155.28,99.9920
155.36,99.9910
155.44,99.9910
155.52,99.9910
155.60,99.9910
155.68,99.9910
155.77,99.9910
155.85,99.9910
155.93,99.9910
156.01,99.9910
156.09,99.9910
156.17,99.9910
156.26,99.9910
156.34,99.9910
156.42,99.9910
156.50,99.9910
156.58,99.9910
156.66,99.9910
156.75,99.9910
156.83,99.9910
156.91,99.9900
156.99,99.9900
157.07,99.9900
157.15,99.9900
157.24,99.9900
157.32,99.9900
157.40,99.9900
157.48,99.9900
157.56,99.9900
157.64,99.9900
157.72,99.9900
157.81,99.9900
157.89,99.9900
157.97,99.9900
158.05,99.9900
158.13,99.9900
158.21,99.9900
158.29,99.9900
158.38,99.9900
158.46,99.9900
158.54,99.9890
158.62,99.9890
158.70,99.9890
158.78,99.9890
158.86,99.9890
158.94,99.9890
159.03,99.9890
159.11,99.9890
159.19,99.9890
159.27,99.9890
159.35,99.9890
159.43,99.9890
159.51,99.9890
159.60,99.9890
159.68,99.9890
159.76,99.9890
159.84,99.9890
159.92,99.9890
160.00,99.9890
160.08,99.9890
160.16,99.9880
160.24,99.9880
160.33,99.9880
160.41,99.9880
160.49,99.9880
160.57,99.9880
160.65,99.9880
160.73,99.9880
160.81,99.9880
160.89,99.9880
160.98,99.9880
161.06,99.9880
161.14,99.9880
161.22,99.9880
161.30,99.9880
161.38,99.9880
161.46,99.9880
161.54,99.9880
161.62,99.9880
161.71,99.9880
161.79,99.9880
161.87,99.9880
161.95,99.9870
162.03,99.9870
162.11,99.9870
162.19,99.9870
162.27,99.9870
162.36,99.9870
162.44,99.9870
162.52,99.9870
162.60,99.9870
162.68,99.9870
162.76,99.9870
162.84,99.9870
162.92,99.9870
163.00,99.9870
163.08,99.9870
163.17,99.9870
163.25,99.9870
163.33,99.9870
163.41,99.9870
163.49,99.9870
163.57,99.9870
163.65,99.9870
163.73,99.9870
163.81,99.9870
163.89,99.9870
163.98,99.9870
164.06,99.9870
164.14,99.9860
164.22,99.9860
164.30,99.9860
164.38,99.9860
164.46,99.9860
164.54,99.9860
164.62,99.9860
164.70,99.9860
164.78,99.9860
164.87,99.9860
164.95,99.9860
165.03,99.9860
165.11,99.9860
165.19,99.9860
165.27,99.9860
165.35,99.9860
165.43,99.9860
165.51,99.9860
165.59,99.9860
165.67,99.9860
165.75,99.9860
165.84,99.9860
165.92,99.9860
166.00,99.9860
166.08,99.9860
166.16,99.9860
166.24,99.9860
166.32,99.9860
166.40,99.9850
166.48,99.9850
166.56,99.9850
166.64,99.9850
166.72,99.9850
166.81,99.9850
166.89,99.9850
166.97,99.9850
167.05,99.9850
167.13,99.9850
167.21,99.9850
167.29,99.9850
167.37,99.9850
167.45,99.9850
167.53,99.9850
167.61,99.9850
167.69,99.9850
167.77,99.9850
167.85,99.9850
167.94,99.9850
168.02,99.9850
168.10,99.9850
168.18,99.9850
168.26,99.9850
168.34,99.9850
168.42,99.9840
168.50,99.9840
168.58,99.9840
168.66,99.9840
168.74,99.9840
168.82,99.9840
168.90,99.9840
168.99,99.9840
169.07,99.9840
169.15,99.9840
169.23,99.9840
169.31,99.9840
169.39,99.9840
169.47,99.9840
169.55,99.9840
169.63,99.9840
169.71,99.9840
169.79,99.9840
169.87,99.9840
169.95,99.9840
170.04,99.9840
170.12,99.9840
170.20,99.9840
170.28,99.9840
170.36,99.9840
170.44,99.9840
170.52,99.9830
170.60,99.9830
170.68,99.9830
170.76,99.9830
170.84,99.9830
170.92,99.9830
171.00,99.9830
171.08,99.9830
171.16,99.9830
171.25,99.9830
171.33,99.9830
171.41,99.9830
171.49,99.9830
171.57,99.9830
171.65,99.9830
171.73,99.9830
171.81,99.9830
171.89,99.9830
171.97,99.9830
172.05,99.9830
172.13,99.9830
172.21,99.9830
172.29,99.9830
172.37,99.9830
172.46,99.9830
172.54,99.9830
172.62,99.9830
172.70,99.9830
172.78,99.9830
172.86,99.9830
172.94,99.9820
173.02,99.9820
173.10,99.9820
173.18,99.9820
173.26,99.9820
173.34,99.9820
173.42,99.9820
173.50,99.9820
173.58,99.9820
173.66,99.9820
173.75,99.9820
173.83,99.9820
173.91,99.9820
173.99,99.9820
174.07,99.9820
174.15,99.9820
174.23,99.9820
174.31,99.9820
174.39,99.9820
174.47,99.9820
174.55,99.9820
174.63,99.9820
174.71,99.9820
174.79,99.9820
174.87,99.9820
174.95,99.9820
175.04,99.9820
175.12,99.9820
175.20,99.9820
175.28,99.9820
175.36,99.9820
175.44,99.9820
175.52,99.9820
175.60,99.9820
175.68,99.9820
175.76,99.9820
175.84,99.9820
175.92,99.9810
176.00,99.9810
176.08,99.9810
176.16,99.9810
176.24,99.9810
176.32,99.9810
176.41,99.9810
176.49,99.9810
176.57,99.9810
176.65,99.9810
176.73,99.9810
176.81,99.9810
176.89,99.9810
176.97,99.9810
177.05,99.9810
177.13,99.9810
177.21,99.9810
177.29,99.9810
177.37,99.9810
177.45,99.9810
177.53,99.9810
177.62,99.9810
177.70,99.9810
177.78,99.9810
177.86,99.9810
177.94,99.9810
178.02,99.9810
178.10,99.9810
178.18,99.9810
178.26,99.9810
178.34,99.9810
178.42,99.9810
178.50,99.9810
178.58,99.9810
178.66,99.9810
178.74,99.9810
178.83,99.9810
178.91,99.9800
178.99,99.9800
179.07,99.9800
179.15,99.9800
179.23,99.9800
179.31,99.9800
179.39,99.9800
179.47,99.9800
179.55,99.9800
179.63,99.9800
179.71,99.9800
179.79,99.9800
179.87,99.9800
179.95,99.9800
180.04,99.9800
180.12,99.9800
180.20,99.9800
180.28,99.9800
180.36,99.9800
180.44,99.9800
180.52,99.9800
180.60,99.9800
180.68,99.9800
180.76,99.9800
180.84,99.9800
180.92,99.9800
181.00,99.9800
181.08,99.9800
181.17,99.9800
181.25,99.9800
181.33,99.9800
181.41,99.9800
181.49,99.9800
181.57,99.9800
181.65,99.9800
181.73,99.9800
181.81,99.9800
181.89,99.9800
181.97,99.9800
182.05,99.9800
182.13,99.9800
182.21,99.9800
182.30,99.9800
182.38,99.9800
182.46,99.9790
182.54,99.9790
182.62,99.9790
182.70,99.9790
182.78,99.9790
182.86,99.9790
182.94,99.9790
183.02,99.9790
183.10,99.9790
183.18,99.9790
183.26,99.9790
183.35,99.9790
183.43,99.9790
183.51,99.9790
183.59,99.9790
183.67,99.9790
183.75,99.9790
183.83,99.9790
183.91,99.9790
183.99,99.9790
184.07,99.9790
184.15,99.9790
184.23,99.9790
184.32,99.9790
184.40,99.9790
184.48,99.9790
184.56,99.9790
184.64,99.9790
184.72,99.9790
184.80,99.9790
184.88,99.9790
184.96,99.9790
185.04,99.9790
185.12,99.9790
185.20,99.9790
185.29,99.9790
185.37,99.9790
185.45,99.9790
185.53,99.9790
185.61,99.9790
185.69,99.9790
185.77,99.9790
185.85,99.9790
185.93,99.9790
186.01,99.9790
186.09,99.9790
186.18,99.9790
186.26,99.9790
186.34,99.9790
186.42,99.9790
186.50,99.9780
186.58,99.9780
186.66,99.9780
186.74,99.9780
186.82,99.9780
186.90,99.9780
186.98,99.9780
187.07,99.9780
187.15,99.9780
187.23,99.9780
187.31,99.9780
187.39,99.9780
187.47,99.9780
187.55,99.9780
187.63,99.9780
187.71,99.9780
187.79,99.9780
187.88,99.9780
187.96,99.9780
188.04,99.9780
188.12,99.9780
188.20,99.9780
188.28,99.9780
188.36,99.9780
188.44,99.9780
188.52,99.9780
188.60,99.9780
188.69,99.9780
188.77,99.9780
188.85,99.9780
188.93,99.9780
189.01,99.9780
189.09,99.9780
189.17,99.9780
189.25,99.9780
189.33,99.9780
189.41,99.9780
189.50,99.9780
189.58,99.9780
189.66,99.9780
189.74,99.9780
189.82,99.9780
189.90,99.9780
189.98,99.9770
190.06,99.9770
190.14,99.9770
190.22,99.9770
190.31,99.9770
190.39,99.9770
190.47,99.9770
190.55,99.9770
190.63,99.9770
190.71,99.9770
190.79,99.9770
190.87,99.9770
190.95,99.9770
191.04,99.9770
191.12,99.9770
191.20,99.9770
191.28,99.9770
191.36,99.9770
191.44,99.9770
191.52,99.9770
191.60,99.9770
191.69,99.9770
191.77,99.9770
191.85,99.9770
191.93,99.9770
192.01,99.9770
192.09,99.9770
192.17,99.9770
192.25,99.9770
192.34,99.9770
192.42,99.9770
192.50,99.9770
192.58,99.9770
192.66,99.9770
192.74,99.9770
192.82,99.9770
192.90,99.9770
192.99,99.9770
193.07,99.9770
193.15,99.9770
193.23,99.9770
193.31,99.9770
193.39,99.9770
193.47,99.9770
193.56,99.9770
193.64,99.9770
193.72,99.9770
193.80,99.9770
193.88,99.9770
193.96,99.9770
194.04,99.9770
194.13,99.9770
194.21,99.9770
194.29,99.9770
194.37,99.9770
194.45,99.9770
194.53,99.9770
194.61,99.9770
194.70,99.9770
194.78,99.9770
194.86,99.9770
194.94,99.9770
195.02,99.9770
195.10,99.9770
195.18,99.9770
195.27,99.9770
195.35,99.9770
195.43,99.9770
195.51,99.9770
195.59,99.9770
195.67,99.9770
195.75,99.9770
195.84,99.9770
195.92,99.9770
196.00,99.9760
196.08,99.9760
196.16,99.9760
196.24,99.9760
196.32,99.9760
196.41,99.9760
196.49,99.9760
196.57,99.9760
196.65,99.9760
196.73,99.9760
196.81,99.9760
196.89,99.9760
196.98,99.9760
197.06,99.9760
197.14,99.9760
197.22,99.9760
197.30,99.9760
197.38,99.9760
197.46,99.9760
197.55,99.9760
197.63,99.9760
197.71,99.9760
197.79,99.9760
197.87,99.9760
197.95,99.9760
198.04,99.9760
198.12,99.9760
198.20,99.9760
198.28,99.9760
198.36,99.9760
198.44,99.9760
198.53,99.9760
198.61,99.9760
198.69,99.9760
198.77,99.9760
198.85,99.9760
198.93,99.9760
199.02,99.9760
199.10,99.9760
199.18,99.9760
199.26,99.9760
199.34,99.9760
199.42,99.9760
199.51,99.9760
199.59,99.9760
199.67,99.9760
199.75,99.9760
199.83,99.9760
199.91,99.9760
200.00,99.9760
200.08,99.9760
200.16,99.9760
200.24,99.9760
200.32,99.9760
200.41,99.9760
200.49,99.9760
200.57,99.9760
200.65,99.9760
200.73,99.9760
200.81,99.9760
200.90,99.9760
200.98,99.9760
201.06,99.9760
201.14,99.9760
201.22,99.9760
201.31,99.9760
201.39,99.9760
201.47,99.9760
201.55,99.9760
201.63,99.9760
201.71,99.9760
201.80,99.9760
201.88,99.9760
201.96,99.9760
202.04,99.9760
202.12,99.9760
202.21,99.9760
202.29,99.9760
202.37,99.9760
202.45,99.9760
202.53,99.9760
202.62,99.9760
202.70,99.9750
202.78,99.9750
202.86,99.9750
202.94,99.9750
203.03,99.9750
203.11,99.9750
203.19,99.9750
203.27,99.9750
203.35,99.9750
203.44,99.9750
203.52,99.9750
203.60,99.9750
203.68,99.9750
203.76,99.9750
203.84,99.9750
203.93,99.9750
204.01,99.9750
204.09,99.9750
204.17,99.9750
204.26,99.9750
204.34,99.9750
204.42,99.9750
204.50,99.9750
204.58,99.9750
204.67,99.9750
204.75,99.9750
204.83,99.9750
204.91,99.9750
204.99,99.9750
205.08,99.9750
205.16,99.9750
205.24,99.9750
205.32,99.9750
205.40,99.9750
205.49,99.9750
205.57,99.9750
205.65,99.9750
205.73,99.9750
205.81,99.9750
205.90,99.9740
205.98,99.9740
206.06,99.9740
206.14,99.9740
206.23,99.9740
206.31,99.9740
206.39,99.9740
206.47,99.9740
206.55,99.9740
206.64,99.9740
206.72,99.9740
206.80,99.9740
206.88,99.9740
206.96,99.9740
207.05,99.9740
207.13,99.9740
207.21,99.9740
207.29,99.9740
207.38,99.9740
207.46,99.9740
207.54,99.9740
207.62,99.9740
207.70,99.9740
207.79,99.9740
207.87,99.9740
207.95,99.9740
208.03,99.9740
208.12,99.9740
208.20,99.9740
208.28,99.9740
208.36,99.9740
208.44,99.9740
208.53,99.9740
208.61,99.9740
208.69,99.9740
208.77,99.9740
208.86,99.9740
208.94,99.9740
209.02,99.9740
209.10,99.9740
209.19,99.9730
209.27,99.9730
209.35,99.9730
209.43,99.9730
209.51,99.9730
209.60,99.9730
209.68,99.9730
209.76,99.9730
209.84,99.9730
209.93,99.9730
210.01,99.9730
210.09,99.9730
210.17,99.9730
210.26,99.9730
210.34,99.9730
210.42,99.9730
210.50,99.9730
210.59,99.9730
210.67,99.9730
210.75,99.9730
210.83,99.9730
210.91,99.9730
211.00,99.9730
211.08,99.9730
211.16,99.9730
211.24,99.9730
211.33,99.9730
211.41,99.9730
211.49,99.9730
211.57,99.9730
211.66,99.9730
211.74,99.9730
211.82,99.9730
211.90,99.9730
211.99,99.9730
212.07,99.9730
212.15,99.9730
212.23,99.9730
212.32,99.9730
212.40,99.9730
212.48,99.9730
212.56,99.9730
212.65,99.9730
212.73,99.9730
212.81,99.9730
212.89,99.9720
212.98,99.9720
213.06,99.9720
213.14,99.9720
213.23,99.9720
213.31,99.9720
213.39,99.9720
213.47,99.9720
213.56,99.9720
213.64,99.9720
213.72,99.9720
213.80,99.9720
213.89,99.9720
213.97,99.9720
214.05,99.9720
214.13,99.9720
214.22,99.9720
214.30,99.9720
214.38,99.9720
214.46,99.9720
214.55,99.9720
214.63,99.9720
214.71,99.9720
214.80,99.9720
214.88,99.9720
214.96,99.9720
215.04,99.9720
215.13,99.9720
215.21,99.9720
215.29,99.9720
215.37,99.9720
215.46,99.9720
215.54,99.9720
215.62,99.9720
215.70,99.9710
215.79,99.9710
215.87,99.9710
215.95,99.9710
216.04,99.9710
216.12,99.9710
216.20,99.9710
216.28,99.9710
216.37,99.9710
216.45,99.9710
216.53,99.9710
216.62,99.9710
216.70,99.9710
216.78,99.9710
216.86,99.9710
216.95,99.9710
217.03,99.9710
217.11,99.9710
217.19,99.9710
217.28,99.9710
217.36,99.9710
217.44,99.9710
217.53,99.9710
217.61,99.9710
217.69,99.9710
217.77,99.9710
217.86,99.9710
217.94,99.9710
218.02,99.9710
218.11,99.9700
218.19,99.9700
218.27,99.9700
218.35,99.9700
218.44,99.9700
218.52,99.9700
218.60,99.9700
218.69,99.9700
218.77,99.9700
218.85,99.9700
218.93,99.9700
219.02,99.9700
219.10,99.9700
219.18,99.9700
219.27,99.9700
219.35,99.9700
219.43,99.9700
219.51,99.9700
219.60,99.9700
219.68,99.9700
219.76,99.9700
219.85,99.9700
219.93,99.9700
220.01,99.9700
220.09,99.9700
220.18,99.9700
220.26,99.9700
220.34,99.9700
220.43,99.9700
220.51,99.9700
220.59,99.9700
220.68,99.9700
220.76,99.9700
220.84,99.9690
220.92,99.9690
221.01,99.9690
221.09,99.9690
221.17,99.9690
221.26,99.9690
221.34,99.9690
221.42,99.9690
221.51,99.9690
221.59,99.9690
221.67,99.9690
221.75,99.9690
221.84,99.9690
221.92,99.9690
222.00,99.9690
222.09,99.9690
222.17,99.9690
222.25,99.9690
222.34,99.9690
222.42,99.9690
222.50,99.9690
222.58,99.9690
222.67,99.9690
222.75,99.9690
222.83,99.9690
222.92,99.9690
223.00,99.9690
223.08,99.9690
223.17,99.9690
223.25,99.9690
223.33,99.9690
223.42,99.9690
223.50,99.9690
223.58,99.9690
223.66,99.9680
223.75,99.9680
223.83,99.9680
223.91,99.9680
224.00,99.9680
224.08,99.9680
224.16,99.9680
224.25,99.9680
224.33,99.9680
224.41,99.9680
224.50,99.9680
224.58,99.9680
224.66,99.9680
224.75,99.9680
224.83,99.9680
224.91,99.9680
225.00,99.9680
225.08,99.9680
225.16,99.9680
225.24,99.9680
225.33,99.9680
225.41,99.9680
225.49,99.9680
225.58,99.9680
225.66,99.9680
225.74,99.9680
225.83,99.9680
225.91,99.9680
225.99,99.9680
226.08,99.9680
226.16,99.9680
226.24,99.9670
226.33,99.9670
226.41,99.9670
226.49,99.9670
226.58,99.9670
226.66,99.9670
226.74,99.9670
226.83,99.9670
226.91,99.9670
226.99,99.9670
227.08,99.9670
227.16,99.9670
227.24,99.9670
227.33,99.9670
227.41,99.9670
227.49,99.9670
227.57,99.9670
227.66,99.9670
227.74,99.9670
227.82,99.9670
227.91,99.9670
227.99,99.9670
228.07,99.9670
228.16,99.9670
228.24,99.9670
228.32,99.9670
228.41,99.9670
228.49,99.9660
228.57,99.9660
228.66,99.9660
228.74,99.9660
228.82,99.9660
228.91,99.9660
228.99,99.9660
229.07,99.9660
229.16,99.9660
229.24,99.9660
229.32,99.9660
229.41,99.9660
229.49,99.9660
229.57,99.9660
229.66,99.9660
229.74,99.9660
229.82,99.9660
229.91,99.9660
229.99,99.9660
230.07,99.9660
230.16,99.9660
230.24,99.9660
230.32,99.9660
230.41,99.9650
230.49,99.9650
230.57,99.9650
230.66,99.9650
230.74,99.9650
230.82,99.9650
230.91,99.9650
230.99,99.9650
231.07,99.9650
231.16,99.9650
231.24,99.9650
231.32,99.9650
231.41,99.9650
231.49,99.9650
231.57,99.9650
231.66,99.9650
231.74,99.9650
231.82,99.9650
231.91,99.9650
231.99,99.9650
232.07,99.9650
232.16,99.9650
232.24,99.9640
232.32,99.9640
232.41,99.9640
232.49,99.9640
232.57,99.9640
232.66,99.9640
232.74,99.9640
232.82,99.9640
232.91,99.9640
232.99,99.9640
233.07,99.9640
233.16,99.9640
233.24,99.9640
233.33,99.9640
233.41,99.9640
233.49,99.9640
233.58,99.9640
233.66,99.9640
233.74,99.9640
233.83,99.9640
233.91,99.9640
233.99,99.9630
234.08,99.9630
234.16,99.9630
234.24,99.9630
234.33,99.9630
234.41,99.9630
234.49,99.9630
234.58,99.9630
234.66,99.9630
234.74,99.9630
234.83,99.9630
234.91,99.9630
234.99,99.9630
235.08,99.9630
235.16,99.9630
235.24,99.9630
235.33,99.9630
235.41,99.9630
235.49,99.9630
235.58,99.9630
235.66,99.9630
235.74,99.9630
235.83,99.9620
235.91,99.9620
236.00,99.9620
236.08,99.9620
236.16,99.9620
236.25,99.9620
236.33,99.9620
236.41,99.9620
236.50,99.9620
236.58,99.9620
236.66,99.9620
236.75,99.9620
236.83,99.9620
236.91,99.9620
237.00,99.9620
237.08,99.9620
237.16,99.9620
237.25,99.9620
237.33,99.9620
237.42,99.9620
237.50,99.9610
237.58,99.9610
237.67,99.9610
237.75,99.9610
237.83,99.9610
237.92,99.9610
238.00,99.9610
238.08,99.9610
238.17,99.9610
238.25,99.9610
238.33,99.9610
238.42,99.9610
238.50,99.9610
238.59,99.9610
238.67,99.9610
238.75,99.9610
238.84,99.9610
238.92,99.9600
239.00,99.9600
239.09,99.9600
239.17,99.9600
239.25,99.9600
239.34,99.9600
239.42,99.9600
239.50,99.9600
239.59,99.9600
239.67,99.9600
239.76,99.9600
239.84,99.9600
239.92,99.9600
240.01,99.9600
240.09,99.9600
240.17,99.9600
240.26,99.9590
240.34,99.9590
240.42,99.9590
240.51,99.9590
240.59,99.9590
240.68,99.9590
240.76,99.9590
240.84,99.9590
240.93,99.9590
241.01,99.9590
241.09,99.9590
241.18,99.9590
241.26,99.9590
241.34,99.9590
241.43,99.9590
241.51,99.9590
241.59,99.9580
241.68,99.9580
241.76,99.9580
241.85,99.9580
241.93,99.9580
242.01,99.9580
242.10,99.9580
242.18,99.9580
242.26,99.9580
242.35,99.9580
242.43,99.9580
242.51,99.9580
242.60,99.9580
242.68,99.9580
242.77,99.9580
242.85,99.9570
242.93,99.9570
243.02,99.9570
243.10,99.9570
243.18,99.9570
243.27,99.9570
243.35,99.9570
243.43,99.9570
243.52,99.9570
243.60,99.9570
243.69,99.9570
243.77,99.9570
243.85,99.9570
243.94,99.9570
244.02,99.9570
244.10,99.9560
244.19,99.9560
244.27,99.9560
244.35,99.9560
244.44,99.9560
244.52,99.9560
244.61,99.9560
244.69,99.9560
244.77,99.9560
244.86,99.9560
244.94,99.9560
245.02,99.9560
245.11,99.9560
245.19,99.9560
245.27,99.9560
245.36,99.9560
245.44,99.9550
245.53,99.9550
245.61,99.9550
245.69,99.9550
245.78,99.9550
245.86,99.9550
245.94,99.9550
246.03,99.9550
246.11,99.9550
246.19,99.9550
246.28,99.9550
246.36,99.9550
246.45,99.9550
246.53,99.9550
246.61,99.9550
246.70,99.9550
246.78,99.9540
246.86,99.9540
246.95,99.9540
247.03,99.9540
247.11,99.9540
247.20,99.9540
247.28,99.9540
247.37,99.9540
247.45,99.9540
247.53,99.9540
247.62,99.9540
247.70,99.9540
247.78,99.9540
247.87,99.9540
247.95,99.9530
248.04,99.9530
248.12,99.9530
248.20,99.9530
248.29,99.9530
248.37,99.9530
248.45,99.9530
248.54,99.9530
248.62,99.9530
248.70,99.9530
248.79,99.9530
248.87,99.9530
248.96,99.9530
249.04,99.9520
249.12,99.9520
249.21,99.9520
249.29,99.9520
249.37,99.9520
249.46,99.9520
249.54,99.9520
249.62,99.9520
249.71,99.9520
249.79,99.9520
249.88,99.9520
249.96,99.9520
250.04,99.9520
250.13,99.9510
250.21,99.9510
250.29,99.9510
250.38,99.9510
250.46,99.9510
250.54,99.9510
250.63,99.9510
250.71,99.9510
250.80,99.9510
250.88,99.9510
250.96,99.9510
251.05,99.9510
251.13,99.9500
251.21,99.9500
251.30,99.9500
251.38,99.9500
251.46,99.9500
251.55,99.9500
251.63,99.9500
251.71,99.9500
251.80,99.9500
251.88,99.9500
251.97,99.9500
252.05,99.9500
252.13,99.9490
252.22,99.9490
252.30,99.9490
252.38,99.9490
252.47,99.9490
252.55,99.9490
252.63,99.9490
252.72,99.9490
252.80,99.9490
252.88,99.9490
252.97,99.9490
253.05,99.9480
253.14,99.9480
253.22,99.9480
253.30,99.9480
253.39,99.9480
253.47,99.9480
253.55,99.9480
253.64,99.9480
253.72,99.9480
253.80,99.9480
253.89,99.9480
253.97,99.9480
254.06,99.9470
254.14,99.9470
254.22,99.9470
254.31,99.9470
254.39,99.9470
254.47,99.9470
254.56,99.9470
254.64,99.9470
254.72,99.9470
254.81,99.9470
254.89,99.9470
254.97,99.9460
255.06,99.9460
255.14,99.9460
255.23,99.9460
255.31,99.9460
255.39,99.9460
255.48,99.9460
255.56,99.9460
255.64,99.9460
255.73,99.9460
255.81,99.9460
255.89,99.9450
255.98,99.9450
256.06,99.9450
256.15,99.9450
256.23,99.9450
256.31,99.9450
256.40,99.9450
256.48,99.9450
256.56,99.9450
256.65,99.9450
256.73,99.9440
256.82,99.9440
256.90,99.9440
256.98,99.9440
257.07,99.9440
257.15,99.9440
257.23,99.9440
257.32,99.9440
257.40,99.9440
257.48,99.9430
257.57,99.9430
257.65,99.9430
257.74,99.9430
257.82,99.9430
257.90,99.9430
257.99,99.9430
258.07,99.9430
258.15,99.9430
258.24,99.9430
258.32,99.9420
258.40,99.9420
258.49,99.9420
258.57,99.9420
258.66,99.9420
258.74,99.9420
258.82,99.9420
258.91,99.9420
258.99,99.9420
259.07,99.9410
259.16,99.9410
259.24,99.9410
259.32,99.9410
259.41,99.9410
259.49,99.9410
259.57,99.9410
259.66,99.9410
259.74,99.9410
259.82,99.9400
259.91,99.9400
259.99,99.9400
260.08,99.9400
260.16,99.9400
260.24,99.9400
260.33,99.9400
260.41,99.9400
260.49,99.9400
260.58,99.9390
260.66,99.9390
260.74,99.9390
260.83,99.9390
260.91,99.9390
260.99,99.9390
261.08,99.9390
261.16,99.9390
261.24,99.9390
261.33,99.9380
261.41,99.9380
261.50,99.9380
261.58,99.9380
261.66,99.9380
261.75,99.9380
261.83,99.9380
261.91,99.9380
262.00,99.9380
262.08,99.9370
262.16,99.9370
262.25,99.9370
262.33,99.9370
262.41,99.9370
262.50,99.9370
262.58,99.9370
262.66,99.9370
262.75,99.9360
262.83,99.9360
262.91,99.9360
263.00,99.9360
263.08,99.9360
263.17,99.9360
263.25,99.9360
263.33,99.9360
263.42,99.9350
263.50,99.9350
263.58,99.9350
263.67,99.9350
263.75,99.9350
263.83,99.9350
263.92,99.9350
264.00,99.9340
264.08,99.9340
264.17,99.9340
264.25,99.9340
264.33,99.9340
264.42,99.9340
264.50,99.9340
264.58,99.9330
264.67,99.9330
264.75,99.9330
264.84,99.9330
264.92,99.9330
265.00,99.9330
265.09,99.9330
265.17,99.9320
265.25,99.9320
265.34,99.9320
265.42,99.9320
265.50,99.9320
265.59,99.9320
265.67,99.9320
265.75,99.9310
265.84,99.9310
265.92,99.9310
266.00,99.9310
266.09,99.9310
266.17,99.9310
266.25,99.9310
266.34,99.9300
266.42,99.9300
266.51,99.9300
266.59,99.9300
266.67,99.9300
266.76,99.9300
266.84,99.9300
266.92,99.9290
267.01,99.9290
267.09,99.9290
267.17,99.9290
267.26,99.9290
267.34,99.9290
267.42,99.9280
267.51,99.9280
267.59,99.9280
267.67,99.9280
267.76,99.9280
267.84,99.9280
267.92,99.9280
268.01,99.9270
268.09,99.9270
268.17,99.9270
268.26,99.9270
268.34,99.9270
268.42,99.9270
268.51,99.9260
268.59,99.9260
268.67,99.9260
268.76,99.9260
268.84,99.9260
268.92,99.9260
269.01,99.9260
269.09,99.9250
269.17,99.9250
269.26,99.9250
269.34,99.9250
269.42,99.9250
269.51,99.9250
269.59,99.9240
269.68,99.9240
269.76,99.9240
269.84,99.9240
269.93,99.9240
270.01,99.9240
270.09,99.9230
270.18,99.9230
270.26,99.9230
270.34,99.9230
270.43,99.9230
270.51,99.9230
270.59,99.9220
270.68,99.9220
270.76,99.9220
270.84,99.9220
270.93,99.9220
271.01,99.9220
271.09,99.9210
271.18,99.9210
271.26,99.9210
271.34,99.9210
271.43,99.9210
271.51,99.9210
271.59,99.9200
271.68,99.9200
271.76,99.9200
271.84,99.9200
271.93,99.9200
272.01,99.9190
272.09,99.9190
272.18,99.9190
272.26,99.9190
272.34,99.9190
272.43,99.9190
272.51,99.9180
272.59,99.9180
272.68,99.9180
272.76,99.9180
272.84,99.9180
272.93,99.9180
273.01,99.9170
273.09,99.9170
273.18,99.9170
273.26,99.9170
273.34,99.9170
273.43,99.9160
273.51,99.9160
273.59,99.9160
273.68,99.9160
273.76,99.9160
273.84,99.9160
273.93,99.9150
274.01,99.9150
274.09,99.9150
274.18,99.9150
274.26,99.9150
274.34,99.9140
274.43,99.9140
274.51,99.9140
274.59,99.9140
274.68,99.9140
274.76,99.9140
274.84,99.9130
274.93,99.9130
275.01,99.9130
275.09,99.9130
275.18,99.9130
275.26,99.9120
275.34,99.9120
275.43,99.9120
275.51,99.9120
275.59,99.9120
275.68,99.9120
275.76,99.9110
275.84,99.9110
275.93,99.9110
276.01,99.9110
276.09,99.9110
276.18,99.9100
276.26,99.9100
276.34,99.9100
276.43,99.9100
276.51,99.9100
276.59,99.9100
276.68,99.9090
276.76,99.9090
276.84,99.9090
276.93,99.9090
277.01,99.9090
277.09,99.9080
277.18,99.9080
277.26,99.9080
277.34,99.9080
277.43,99.9080
277.51,99.9070
277.59,99.9070
277.68,99.9070
277.76,99.9070
277.84,99.9070
277.93,99.9060
278.01,99.9060
278.09,99.9060
278.17,99.9060
278.26,99.9060
278.34,99.9050
278.42,99.9050
278.51,99.9050
278.59,99.9050
278.67,99.9050
278.76,99.9040
278.84,99.9040
278.92,99.9040
279.01,99.9040
279.09,99.9040
279.17,99.9030
279.26,99.9030
279.34,99.9030
279.42,99.9030
279.51,99.9030
279.59,99.9020
279.67,99.9020
279.76,99.9020
279.84,99.9020
279.92,99.9020
280.01,99.9010
280.09,99.9010
280.17,99.9010
280.26,99.9010
280.34,99.9010
280.42,99.9000
280.51,99.9000
280.59,99.9000
280.67,99.9000
280.76,99.8990
280.84,99.8990
280.92,99.8990
281.01,99.8990
281.09,99.8990
281.17,99.8980
281.26,99.8980
281.34,99.8980
281.42,99.8980
281.51,99.8980
281.59,99.8970
281.67,99.8970
281.76,99.8970
281.84,99.8970
281.92,99.8960
282.01,99.8960
282.09,99.8960
282.17,99.8960
282.26,99.8960
282.34,99.8950
282.42,99.8950
282.51,99.8950
282.59,99.8950
282.67,99.8950
282.76,99.8940
282.84,99.8940
282.92,99.8940
283.00,99.8940
283.09,99.8930
283.17,99.8930
283.25,99.8930
283.34,99.8930
283.42,99.8930
283.50,99.8920
283.59,99.8920
283.67,99.8920
283.75,99.8920
283.84,99.8910
283.92,99.8910
284.00,99.8910
284.09,99.8910
284.17,99.8900
284.25,99.8900
284.34,99.8900
284.42,99.8900
284.50,99.8900
284.59,99.8890
284.67,99.8890
284.75,99.8890
284.84,99.8890
284.92,99.8880
285.00,99.8880
285.09,99.8880
285.17,99.8880
285.25,99.8870
285.34,99.8870
285.42,99.8870
285.50,99.8870
285.58,99.8870
285.67,99.8860
285.75,99.8860
285.83,99.8860
285.92,99.8860
286.00,99.8850
286.08,99.8850
286.17,99.8850
286.25,99.8850
286.33,99.8840
286.42,99.8840
286.50,99.8840
286.58,99.8840
286.67,99.8830
286.75,99.8830
286.83,99.8830
286.92,99.8830
287.00,99.8820
287.08,99.8820
287.16,99.8820
287.25,99.8820
287.33,99.8810
287.41,99.8810
287.50,99.8810
287.58,99.8810
287.66,99.8800
287.75,99.8800
287.83,99.8800
287.91,99.8800
288.00,99.8790
288.08,99.8790
288.16,99.8790
288.25,99.8790
288.33,99.8780
288.41,99.8780
288.50,99.8780
288.58,99.8780
288.66,99.8770
288.74,99.8770
288.83,99.8770
288.91,99.8770
288.99,99.8760
289.08,99.8760
289.16,99.8760
289.24,99.8760
289.33,99.8750
289.41,99.8750
289.49,99.8750
289.58,99.8740
289.66,99.8740
289.74,99.8740
289.83,99.8740
289.91,99.8730
289.99,99.8730
290.08,99.8730
290.16,99.8730
290.24,99.8720
290.33,99.8720
290.41,99.8720
290.49,99.8710
290.57,99.8710
290.66,99.8710
290.74,99.8710
290.82,99.8700
290.91,99.8700
290.99,99.8700
291.07,99.8700
291.16,99.8690
291.24,99.8690
291.32,99.8690
291.41,99.8680
291.49,99.8680
291.57,99.8680
291.66,99.8680
291.74,99.8670
291.82,99.8670
291.90,99.8670
291.99,99.8660
292.07,99.8660
292.15,99.8660
292.24,99.8660
292.32,99.8650
292.40,99.8650
292.49,99.8650
292.57,99.8640
292.65,99.8640
292.74,99.8640
292.82,99.8630
292.90,99.8630
292.99,99.8630
293.07,99.8630
293.15,99.8620
293.24,99.8620
293.32,99.8620
293.40,99.8610
293.48,99.8610
293.57,99.8610
293.65,99.8610
293.73,99.8600
293.82,99.8600
293.90,99.8600
293.98,99.8590
294.07,99.8590
294.15,99.8590
294.23,99.8580
294.31,99.8580
294.40,99.8580
294.48,99.8570
294.56,99.8570
294.65,99.8570
294.73,99.8570
294.81,99.8560
294.90,99.8560
294.98,99.8560
295.06,99.8550
295.15,99.8550
295.23,99.8550
295.31,99.8540
295.40,99.8540
295.48,99.8540
295.56,99.8530
295.64,99.8530
295.73,99.8530
295.81,99.8520
295.89,99.8520
295.98,99.8520
296.06,99.8510
296.14,99.8510
296.23,99.8510
296.31,99.8510
296.39,99.8500
296.48,99.8500
296.56,99.8500
296.64,99.8490
296.72,99.8490
296.81,99.8490
296.89,99.8480
296.97,99.8480
297.06,99.8480
297.14,99.8470
297.22,99.8470
297.31,99.8470
297.39,99.8460
297.47,99.8460
297.56,99.8460
297.64,99.8450
297.72,99.8450
297.81,99.8450
297.89,99.8440
297.97,99.8440
298.05,99.8440
298.14,99.8430
298.22,99.8430
298.30,99.8430
298.39,99.8420
298.47,99.8420
298.55,99.8420
298.64,99.8410
298.72,99.8410
298.80,99.8410
298.88,99.8400
298.97,99.8400
299.05,99.8390
299.13,99.8390
299.22,99.8390
299.30,99.8380
299.38,99.8380
299.47,99.8380
299.55,99.8370
299.63,99.8370
299.72,99.8370
299.80,99.8360
299.88,99.8360
299.97,99.8350
300.05,99.8350
300.13,99.8350
300.21,99.8340
300.30,99.8340
300.38,99.8340
300.46,99.8330
300.55,99.8330
300.63,99.8320
300.71,99.8320
300.80,99.8320
300.88,99.8310
300.96,99.8310
301.05,99.8310
301.13,99.8300
301.21,99.8300
301.29,99.8290
301.38,99.8290
301.46,99.8290
301.54,99.8280
301.63,99.8280
301.71,99.8270
301.79,99.8270
301.88,99.8270
301.96,99.8260
302.04,99.8260
302.12,99.8250
302.21,99.8250
302.29,99.8250
302.37,99.8240
302.46,99.8240
302.54,99.8230
302.62,99.8230
302.71,99.8230
302.79,99.8220
302.87,99.8220
302.96,99.8210
303.04,99.8210
303.12,99.8200
303.20,99.8200
303.29,99.8200
303.37,99.8190
303.45,99.8190
303.54,99.8180
303.62,99.8180
303.70,99.8180
303.79,99.8170
303.87,99.8170
303.95,99.8160
304.03,99.8160
304.12,99.8150
304.20,99.8150
304.28,99.8140
304.37,99.8140
304.45,99.8140
304.53,99.8130
304.62,99.8130
304.70,99.8120
304.78,99.8120
304.87,99.8110
304.95,99.8110
305.03,99.8100
305.11,99.8100
305.20,99.8090
305.28,99.8090
305.36,99.8090
305.45,99.8080
305.53,99.8080
305.61,99.8070
305.70,99.8070
305.78,99.8060
305.86,99.8060
305.94,99.8050
306.03,99.8050
306.11,99.8040
306.19,99.8040
306.28,99.8030
306.36,99.8030
306.44,99.8020
306.52,99.8020
306.61,99.8010
306.69,99.8010
306.77,99.8000
306.86,99.8000
306.94,99.7990
307.02,99.7990
307.11,99.7980
307.19,99.7980
307.27,99.7970
307.35,99.7970
307.44,99.7960
307.52,99.7960
307.60,99.7950
307.69,99.7950
307.77,99.7940
307.85,99.7930
307.94,99.7930
308.02,99.7920
308.10,99.7920
308.18,99.7910
308.27,99.7910
308.35,99.7900
308.43,99.7900
308.52,99.7890
308.60,99.7890
308.68,99.7880
308.76,99.7870
308.85,99.7870
308.93,99.7860
309.01,99.7860
309.10,99.7850
309.18,99.7850
309.26,99.7840
309.34,99.7830
309.43,99.7830
309.51,99.7820
309.59,99.7820
309.68,99.7810
309.76,99.7810
309.84,99.7800
309.92,99.7790
310.01,99.7790
310.09,99.7780
310.17,99.7780
310.26,99.7770
310.34,99.7760
310.42,99.7760
310.51,99.7750
310.59,99.7740
310.67,99.7740
310.75,99.7730
310.84,99.7730
310.92,99.7720
311.00,99.7710
311.09,99.7710
311.17,99.7700
311.25,99.7690
311.33,99.7690
311.42,99.7680
311.50,99.7680
311.58,99.7670
311.67,99.7660
311.75,99.7660
311.83,99.7650
311.91,99.7640
312.00,99.7640
312.08,99.7630
312.16,99.7620
312.25,99.7620
312.33,99.7610
312.41,99.7600
312.49,99.7600
312.58,99.7590
312.66,99.7580
312.74,99.7580
312.83,99.7570
312.91,99.7560
312.99,99.7550
313.07,99.7550
313.16,99.7540
313.24,99.7530
313.32,99.7530
313.41,99.7520
313.49,99.7510
313.57,99.7500
313.65,99.7500
313.74,99.7490
313.82,99.7480
313.90,99.7480
313.99,99.7470
314.07,99.7460
314.15,99.7450
314.23,99.7450
314.32,99.7440
314.40,99.7430
314.48,99.7420
314.57,99.7410
314.65,99.7410
314.73,99.7400
314.81,99.7390
314.90,99.7380
314.98,99.7380
315.06,99.7370
315.15,99.7360
315.23,99.7350
315.31,99.7340
315.39,99.7340
315.48,99.7330
315.56,99.7320
315.64,99.7310
315.73,99.7300
315.81,99.7290
315.89,99.7290
315.97,99.7280
316.06,99.7270
316.14,99.7260
316.22,99.7250
316.30,99.7240
316.39,99.7230
316.47,99.7230
316.55,99.7220
316.64,99.7210
316.72,99.7200
316.80,99.7190
316.88,99.7180
316.97,99.7170
317.05,99.7160
317.13,99.7150
317.21,99.7140
317.30,99.7140
317.38,99.7130
317.46,99.7120
317.54,99.7110
317.63,99.7100
317.71,99.7090
317.79,99.7080
317.88,99.7070
317.96,99.7060
318.04,99.7050
318.12,99.7040
318.21,99.7030
318.29,99.7020
318.37,99.7010
318.45,99.7000
318.54,99.6990
318.62,99.6980
318.70,99.6970
318.79,99.6960
318.87,99.6950
318.95,99.6940
319.03,99.6930
319.12,99.6920
319.20,99.6910
319.28,99.6900
319.36,99.6890
319.45,99.6870
319.53,99.6860
319.61,99.6850
319.70,99.6840
319.78,99.6830
319.86,99.6820
319.94,99.6810
320.03,99.6800
320.11,99.6790
320.19,99.6780
320.27,99.6760
320.36,99.6750
320.44,99.6740
320.52,99.6730
320.61,99.6720
320.69,99.6710
320.77,99.6690
320.85,99.6680
320.94,99.6670
321.02,99.6660
321.10,99.6650
321.18,99.6630
321.27,99.6620
321.35,99.6610
321.43,99.6600
321.52,99.6580
321.60,99.6570
321.68,99.6560
321.76,99.6540
321.85,99.6530
321.93,99.6520
322.01,99.6510
322.10,99.6490
322.18,99.6480
322.26,99.6470
322.34,99.6450
322.43,99.6440
322.51,99.6430
322.59,99.6410
322.67,99.6400
322.76,99.6380
322.84,99.6370
322.92,99.6360
323.01,99.6340
323.09,99.6330
323.17,99.6310
323.25,99.6300
323.34,99.6280
323.42,99.6270
323.50,99.6250
323.58,99.6240
323.67,99.6220
323.75,99.6210
323.83,99.6190
323.92,99.6180
324.00,99.6160
324.08,99.6150
324.16,99.6130
324.25,99.6120
324.33,99.6100
324.41,99.6090
324.49,99.6070
324.58,99.6050
324.66,99.6040
324.74,99.6020
324.83,99.6010
324.91,99.5990
324.99,99.5970
325.07,99.5960
325.16,99.5940
325.24,99.5920
325.32,99.5910
325.40,99.5890
325.49,99.5870
325.57,99.5850
325.65,99.5840
325.73,99.5820
325.82,99.5800
325.90,99.5780
325.98,99.5770
326.06,99.5750
326.15,99.5730
326.23,99.5710
326.31,99.5690
326.40,99.5680
326.48,99.5660
326.56,99.5640
326.64,99.5620
326.73,99.5600
326.81,99.5580
326.89,99.5570
326.97,99.5550
327.06,99.5530
327.14,99.5510
327.22,99.5490
327.30,99.5470
327.39,99.5450
327.47,99.5430
327.55,99.5410
327.64,99.5390
327.72,99.5370
327.80,99.5350
327.88,99.5330
327.97,99.5310
328.05,99.5290
328.13,99.5260
328.21,99.5240
328.30,99.5220
328.38,99.5200
328.46,99.5180
328.54,99.5160
328.63,99.5130
328.71,99.5110
328.79,99.5090
328.87,99.5060
328.96,99.5040
329.04,99.5020
329.12,99.4990
329.20,99.4970
329.29,99.4940
329.37,99.4920
329.45,99.4890
329.54,99.4870
329.62,99.4840
329.70,99.4810
329.78,99.4790
329.87,99.4760
329.95,99.4730
330.03,99.4700
330.11,99.4680
330.20,99.4650
330.28,99.4620
330.36,99.4590
330.44,99.4560
330.53,99.4530
330.61,99.4490
330.69,99.4460
330.77,99.4430
330.86,99.4390
330.94,99.4360
331.02,99.4330
331.11,99.4290
331.19,99.4250
331.27,99.4220
331.35,99.4180
331.44,99.4140
331.52,99.4100
331.60,99.4060
331.68,99.4020
331.77,99.3980
331.85,99.3940
331.93,99.3890
332.01,99.3850
332.10,99.3810
332.18,99.3760
332.26,99.3720
332.34,99.3670
332.43,99.3620
332.51,99.3570
332.59,99.3530
332.67,99.3480
332.76,99.3430
332.84,99.3370
332.92,99.3320
333.00,99.3270
333.09,99.3220
333.17,99.3160
333.25,99.3110
333.33,99.3060
333.42,99.3000
333.50,99.2940
333.58,99.2890
333.66,99.2830
333.75,99.2770
333.83,99.2710
333.91,99.2650
333.99,99.2600
334.08,99.2540
334.16,99.2480
334.24,99.2410
334.32,99.2350
334.41,99.2290
334.49,99.2230
334.57,99.2160
334.65,99.2100
334.74,99.2040
334.82,99.1970
334.90,99.1910
334.98,99.1840
335.07,99.1780
335.15,99.1710
335.23,99.1650
335.31,99.1580
335.40,99.1520
335.48,99.1450
335.56,99.1380
335.64,99.1320
335.72,99.1250
335.81,99.1180
335.89,99.1110
335.97,99.1050
336.05,99.0980
336.14,99.0910
336.22,99.0840
336.30,99.0770
336.39,99.0700
336.47,99.0630
336.55,99.0560
336.63,99.0490
336.72,99.0420
336.80,99.0350
336.88,99.0280
336.96,99.0200
337.05,99.0130
337.13,99.0060
337.21,98.9980
337.29,98.9910
337.37,98.9830
337.46,98.9760
337.54,98.9680
337.62,98.9610
337.71,98.9530
337.79,98.9450
337.87,98.9370
337.95,98.9290
338.04,98.9210
338.12,98.9130
338.20,98.9050
338.28,98.8970
338.37,98.8890
338.45,98.8800
338.53,98.8720
338.61,98.8640
338.70,98.8550
338.78,98.8470
338.86,98.8380
338.94,98.8290
339.03,98.8200
339.11,98.8120
339.19,98.8030
339.27,98.7940
339.36,98.7850
339.44,98.7760
339.52,98.7670
339.60,98.7580
339.69,98.7480
339.77,98.7390
339.85,98.7300
339.93,98.7200
340.02,98.7110
340.10,98.7020
340.18,98.6920
340.26,98.6830
340.35,98.6730
340.43,98.6630
340.51,98.6540
340.60,98.6440
340.68,98.6340
340.76,98.6250
340.84,98.6150
340.93,98.6050
341.01,98.5950
341.09,98.5860
341.17,98.5760
341.26,98.5660
341.34,98.5560
341.42,98.5470
341.50,98.5370
341.59,98.5270
341.67,98.5180
341.75,98.5080
341.83,98.4980
341.92,98.4890
342.00,98.4790
342.08,98.4690
342.16,98.4600
342.25,98.4510
342.33,98.4410
342.41,98.4320
342.50,98.4230
342.58,98.4130
342.66,98.4040
342.74,98.3950
342.83,98.3860
342.91,98.3770
342.99,98.3680
343.07,98.3590
343.16,98.3500
343.24,98.3420
343.32,98.3330
343.40,98.3240
343.49,98.3150
343.57,98.3060
343.65,98.2980
343.73,98.2890
343.82,98.2800
343.90,98.2710
343.98,98.2630
344.07,98.2540
344.15,98.2450
344.23,98.2370
344.31,98.2280
344.40,98.2190
344.48,98.2110
344.56,98.2020
344.65,98.1930
344.73,98.1840
344.81,98.1760
344.89,98.1670
344.98,98.1580
345.06,98.1490
345.14,98.1410
345.23,98.1320
345.31,98.1230
345.39,98.1140
345.47,98.1050
345.56,98.0960
345.64,98.0870
345.72,98.0780
345.81,98.0690
345.89,98.0600
345.97,98.0510
346.05,98.0420
346.14,98.0330
346.22,98.0230
346.30,98.0140
346.38,98.0050
346.47,97.9950
346.55,97.9860
346.63,97.9760
346.71,97.9670
346.80,97.9570
346.88,97.9470
346.96,97.9380
347.04,97.9280
347.13,97.9180
347.21,97.9090
347.29,97.8990
347.37,97.8890
347.46,97.8790
347.54,97.8700
347.62,97.8600
347.70,97.8500
347.79,97.8400
347.87,97.8300
347.95,97.8210
348.03,97.8110
348.11,97.8010
348.20,97.7910
348.28,97.7810
348.36,97.7710
348.44,97.7620
348.52,97.7520
348.60,97.7420
348.69,97.7320
348.77,97.7220
348.85,97.7120
348.93,97.7030
349.01,97.6930
349.10,97.6830
349.18,97.6730
349.26,97.6630
349.34,97.6530
349.42,97.6440
349.50,97.6340
349.59,97.6240
349.67,97.6140
349.75,97.6040
349.83,97.5940
349.91,97.5840
349.99,97.5740
350.08,97.5640
350.16,97.5540
350.24,97.5440
350.32,97.5340
350.40,97.5240
350.48,97.5140
350.57,97.5040
350.65,97.4930
350.73,97.4830
350.81,97.4730
350.89,97.4630
350.97,97.4520
351.06,97.4420
351.14,97.4310
351.22,97.4210
351.30,97.4100
351.38,97.3990
351.47,97.3880
351.55,97.3770
351.63,97.3660
351.71,97.3550
351.79,97.3430
351.87,97.3320
351.96,97.3200
352.04,97.3090
352.12,97.2970
352.20,97.2850
352.28,97.2720
352.37,97.2600
352.45,97.2470
352.53,97.2340
352.61,97.2210
352.69,97.2080
352.77,97.1950
352.86,97.1810
352.94,97.1670
353.02,97.1530
353.10,97.1390
353.18,97.1250
353.26,97.1110
353.35,97.0960
353.43,97.0810
353.51,97.0660
353.59,97.0510
353.67,97.0360
353.75,97.0200
353.84,97.0050
353.92,96.9890
354.00,96.9730
354.08,96.9570
354.16,96.9410
354.24,96.9250
354.32,96.9090
354.40,96.8920
354.49,96.8750
354.57,96.8580
354.65,96.8410
354.73,96.8240
354.81,96.8070
354.89,96.7890
354.97,96.7710
355.06,96.7530
355.14,96.7350
355.22,96.7170
355.30,96.6980
355.38,96.6800
355.46,96.6610
355.54,96.6420
355.63,96.6230
355.71,96.6040
355.79,96.5850
355.87,96.5660
355.95,96.5470
356.03,96.5270
356.11,96.5080
356.20,96.4890
356.28,96.4700
356.36,96.4500
356.44,96.4310
356.52,96.4110
356.60,96.3920
356.69,96.3720
356.77,96.3530
356.85,96.3330
356.93,96.3140
357.01,96.2940
357.10,96.2750
357.18,96.2550
357.26,96.2360
357.34,96.2160
357.42,96.1970
357.50,96.1780
357.59,96.1580
357.67,96.1390
357.75,96.1190
357.83,96.1000
357.91,96.0800
358.00,96.0600
358.08,96.0410
358.16,96.0210
358.24,96.0010
358.32,95.9820
358.41,95.9620
358.49,95.9430
358.57,95.9230
358.65,95.9040
358.73,95.8850
358.82,95.8650
358.90,95.8460
358.98,95.8270
359.06,95.8080
359.14,95.7890
359.23,95.7700
359.31,95.7520
359.39,95.7330
359.47,95.7140
359.55,95.6950
359.64,95.6760
359.72,95.6580
359.80,95.6390
359.88,95.6200
359.96,95.6020
360.05,95.5830
360.13,95.5640
360.21,95.5460
360.29,95.5270
360.38,95.5080
360.46,95.4890
360.54,95.4710
360.62,95.4520
360.70,95.4330
360.79,95.4150
360.87,95.3960
360.95,95.3770
361.03,95.3590
361.11,95.3400
361.20,95.3210
361.28,95.3030
361.36,95.2840
361.44,95.2650
361.52,95.2470
361.60,95.2280
361.69,95.2090
361.77,95.1910
361.85,95.1720
361.93,95.1540
362.01,95.1350
362.10,95.1160
362.18,95.0980
362.26,95.0790
362.34,95.0600
362.42,95.0420
362.50,95.0230
362.59,95.0040
362.67,94.9850
362.75,94.9670
362.83,94.9480
362.91,94.9280
362.99,94.9090
363.07,94.8900
363.16,94.8710
363.24,94.8510
363.32,94.8320
363.40,94.8130
363.48,94.7930
363.56,94.7740
363.65,94.7540
363.73,94.7340
363.81,94.7150
363.89,94.6950
363.97,94.6750
364.05,94.6550
364.13,94.6350
364.22,94.6150
364.30,94.5950
364.38,94.5750
364.46,94.5540
364.54,94.5340
364.62,94.5140
364.70,94.4930
364.78,94.4730
364.87,94.4520
364.95,94.4320
365.03,94.4110
365.11,94.3900
365.19,94.3690
365.27,94.3480
365.35,94.3270
365.44,94.3060
365.52,94.2840
365.60,94.2630
365.68,94.2410
365.76,94.2200
365.84,94.1980
365.93,94.1760
366.01,94.1540
366.09,94.1320
366.17,94.1090
366.25,94.0870
366.33,94.0640
366.42,94.0420
366.50,94.0190
366.58,93.9960
366.66,93.9730
366.74,93.9490
366.83,93.9260
366.91,93.9020
366.99,93.8790
367.07,93.8550
367.15,93.8310
367.23,93.8070
367.32,93.7830
367.40,93.7590
367.48,93.7350
367.56,93.7110
367.64,93.6870
367.72,93.6630
367.81,93.6390
367.89,93.6150
367.97,93.5910
368.05,93.5670
368.13,93.5430
368.21,93.5190
368.30,93.4940
368.38,93.4700
368.46,93.4460
368.54,93.4220
368.62,93.3980
368.70,93.3740
368.79,93.3500
368.87,93.3260
368.95,93.3020
369.03,93.2780
369.11,93.2540
369.19,93.2300
369.28,93.2060
369.36,93.1820
369.44,93.1580
369.52,93.1340
369.60,93.1100
369.68,93.0860
369.77,93.0620
369.85,93.0380
369.93,93.0140
370.01,92.9910
370.10,92.9670
370.18,92.9430
370.26,92.9190
370.34,92.8960
370.43,92.8720
370.51,92.8490
370.59,92.8250
370.68,92.8020
370.76,92.7790
370.84,92.7560
370.92,92.7320
371.01,92.7090
371.09,92.6860
371.17,92.6630
371.26,92.6400
371.34,92.6170
371.42,92.5930
371.50,92.5700
371.59,92.5480
371.67,92.5250
371.75,92.5030
371.84,92.4800
371.92,92.4580
372.00,92.4360
372.08,92.4140
372.17,92.3930
372.25,92.3710
372.33,92.3500
372.41,92.3280
372.50,92.3070
372.58,92.2860
372.66,92.2650
372.74,92.2440
372.83,92.2230
372.91,92.2010
372.99,92.1800
373.08,92.1590
373.16,92.1380
373.24,92.1170
373.32,92.0960
373.41,92.0750
373.49,92.0530
373.57,92.0320
373.65,92.0110
373.74,91.9890
373.82,91.9670
373.90,91.9460
373.98,91.9240
374.06,91.9020
374.14,91.8800
374.23,91.8570
374.31,91.8350
374.39,91.8120
374.47,91.7900
374.55,91.7670
374.63,91.7440
374.71,91.7210
374.79,91.6980
374.88,91.6750
374.96,91.6520
375.04,91.6280
375.12,91.6050
375.20,91.5820
375.28,91.5580
375.36,91.5350
375.44,91.5120
375.53,91.4880
375.61,91.4640
375.69,91.4400
375.77,91.4160
375.85,91.3910
375.93,91.3670
376.02,91.3420
376.10,91.3160
376.18,91.2900
376.26,91.2650
376.34,91.2380
376.42,91.2120
376.51,91.1850
376.59,91.1580
376.67,91.1310
376.75,91.1030
376.83,91.0760
376.91,91.0480
377.00,91.0200
377.08,90.9920
377.16,90.9640
377.24,90.9360
377.32,90.9070
377.41,90.8790
377.49,90.8500
377.57,90.8220
377.65,90.7930
377.73,90.7640
377.82,90.7350
377.90,90.7070
377.98,90.6780
378.06,90.6500
378.15,90.6210
378.23,90.5930
378.31,90.5640
378.39,90.5360
378.47,90.5080
378.56,90.4800
378.64,90.4520
378.72,90.4240
378.80,90.3960
378.88,90.3680
378.97,90.3400
379.05,90.3120
379.13,90.2840
379.21,90.2570
379.30,90.2290
379.38,90.2010
379.46,90.1730
379.54,90.1460
379.63,90.1180
379.71,90.0900
379.79,90.0620
379.87,90.0350
379.96,90.0070
380.04,89.9790
380.12,89.9510
380.21,89.9240
380.29,89.8960
380.37,89.8690
380.46,89.8420
380.54,89.8140
380.62,89.7870
380.70,89.7610
380.79,89.7340
380.87,89.7070
380.96,89.6800
381.04,89.6540
381.12,89.6270
381.21,89.6010
381.29,89.5740
381.37,89.5470
381.46,89.5210
381.54,89.4950
381.62,89.4680
381.71,89.4420
381.79,89.4160
381.88,89.3900
381.96,89.3640
382.04,89.3380
382.13,89.3120
382.21,89.2860
382.29,89.2600
382.38,89.2350
382.46,89.2090
382.55,89.1830
382.63,89.1570
382.71,89.1310
382.80,89.1060
382.88,89.0800
382.97,89.0540
383.05,89.0290
383.14,89.0030
383.22,88.9770
383.30,88.9510
383.39,88.9250
383.47,88.9000
383.56,88.8740
383.64,88.8480
383.72,88.8220
383.81,88.7960
383.89,88.7710
383.98,88.7450
384.06,88.7190
384.14,88.6930
384.23,88.6680
384.31,88.6420
384.39,88.6170
384.48,88.5910
384.56,88.5650
384.65,88.5390
384.73,88.5140
384.81,88.4880
384.90,88.4620
384.98,88.4360
385.07,88.4110
385.15,88.3850
385.23,88.3590
385.32,88.3340
385.40,88.3090
385.48,88.2830
385.57,88.2580
385.65,88.2330
385.74,88.2080
385.82,88.1820
385.90,88.1570
385.99,88.1320
386.07,88.1070
386.16,88.0820
386.24,88.0570
386.33,88.0320
386.41,88.0070
386.49,87.9820
386.58,87.9570
386.66,87.9320
386.75,87.9070
386.83,87.8830
386.92,87.8580
387.00,87.8340
387.08,87.8100
387.17,87.7860
387.25,87.7620
387.34,87.7380
387.42,87.7140
387.51,87.6910
387.59,87.6670
387.68,87.6440
387.76,87.6210
387.84,87.5980
387.93,87.5750
388.01,87.5520
388.10,87.5290
388.18,87.5060
388.27,87.4830
388.35,87.4610
388.44,87.4380
388.52,87.4160
388.61,87.3940
388.69,87.3710
388.78,87.3490
388.86,87.3270
388.95,87.3050
389.03,87.2830
389.12,87.2610
389.20,87.2400
389.28,87.2180
389.37,87.1960
389.45,87.1750
389.54,87.1530
389.62,87.1310
389.71,87.1100
389.79,87.0880
389.88,87.0670
389.96,87.0450
390.05,87.0240
390.13,87.0030
390.22,86.9820
390.30,86.9610
390.38,86.9400
390.47,86.9190
390.55,86.8990
390.64,86.8780
390.72,86.8580
390.81,86.8380
390.89,86.8180
390.98,86.7970
391.06,86.7770
391.15,86.7570
391.23,86.7370
391.32,86.7170
391.40,86.6970
391.49,86.6770
391.57,86.6570
391.65,86.6370
391.74,86.6170
391.82,86.5970
391.91,86.5770
391.99,86.5580
392.08,86.5380
392.16,86.5180
392.25,86.4990
392.33,86.4790
392.42,86.4600
392.50,86.4400
392.59,86.4210
392.67,86.4020
392.76,86.3830
392.84,86.3640
392.93,86.3440
393.01,86.3250
393.10,86.3060
393.19,86.2880
393.27,86.2690
393.36,86.2500
393.44,86.2310
393.53,86.2130
393.61,86.1940
393.70,86.1760
393.78,86.1580
393.87,86.1400
393.95,86.1220
394.04,86.1040
394.12,86.0860
394.21,86.0690
394.29,86.0510
394.38,86.0340
394.46,86.0160
394.55,85.9990
394.64,85.9810
394.72,85.9640
394.81,85.9470
394.89,85.9290
394.98,85.9120
395.06,85.8950
395.15,85.8780
395.23,85.8610
395.32,85.8440
395.41,85.8270
395.49,85.8100
395.58,85.7930
395.66,85.7760
395.75,85.7590
395.83,85.7430
395.92,85.7260
396.01,85.7100
396.09,85.6930
396.18,85.6770
396.26,85.6600
396.35,85.6440
396.43,85.6280
396.52,85.6120
396.61,85.5960
396.69,85.5800
396.78,85.5640
396.86,85.5480
396.95,85.5320
397.04,85.5170
397.12,85.5010
397.21,85.4860
397.29,85.4700
397.38,85.4550
397.47,85.4400
397.55,85.4250
397.64,85.4100
397.72,85.3950
397.81,85.3800
397.90,85.3660
397.98,85.3510
398.07,85.3370
398.16,85.3220
398.24,85.3080
398.33,85.2940
398.41,85.2800
398.50,85.2660
398.59,85.2530
398.67,85.2390
398.76,85.2250
398.85,85.2120
398.93,85.1990
399.02,85.1850
399.10,85.1720
399.19,85.1590
399.28,85.1460
399.36,85.1330
399.45,85.1210
399.54,85.1080
399.62,85.0960
399.71,85.0830
399.80,85.0710
399.88,85.0580
399.97,85.0460
400.05,85.0340
400.14,85.0220
400.23,85.0100
400.31,84.9980
400.40,84.9870
400.49,84.9750
400.57,84.9630
400.66,84.9520
400.75,84.9400
400.83,84.9290
400.92,84.9180
401.00,84.9070
401.09,84.8960
401.18,84.8850
401.26,84.8740
401.35,84.8630
401.43,84.8520
401.52,84.8420
401.61,84.8310
401.69,84.8210
401.78,84.8110
401.87,84.8000
401.95,84.7900
402.04,84.7800
402.12,84.7700
402.21,84.7590
402.30,84.7490
402.38,84.7390
402.47,84.7290
402.55,84.7190
402.64,84.7090
402.73,84.6990
402.81,84.6900
402.90,84.6800
402.98,84.6700
403.07,84.6600
403.16,84.6510
403.24,84.6410
403.33,84.6320
403.41,84.6220
403.50,84.6130
403.59,84.6030
403.67,84.5940
403.76,84.5850
403.85,84.5760
403.93,84.5670
404.02,84.5580
404.10,84.5490
404.19,84.5400
404.28,84.5310
404.36,84.5220
404.45,84.5140
404.53,84.5050
404.62,84.4970
404.71,84.4880
404.79,84.4800
404.88,84.4710
404.96,84.4630
405.05,84.4550
405.14,84.4470
405.22,84.4390
405.31,84.4310
405.39,84.4230
405.48,84.4150
405.57,84.4070
405.65,84.3990
405.74,84.3910
405.82,84.3840
405.91,84.3760
406.00,84.3690
406.08,84.3610
406.17,84.3540
406.25,84.3470
406.34,84.3390
406.43,84.3320
406.51,84.3250
406.60,84.3180
406.69,84.3110
406.77,84.3040
406.86,84.2970
406.94,84.2910
407.03,84.2840
407.12,84.2770
407.20,84.2710
407.29,84.2640
407.37,84.2580
407.46,84.2510
407.55,84.2450
407.63,84.2380
407.72,84.2320
407.80,84.2260
407.89,84.2200
407.98,84.2140
408.06,84.2080
408.15,84.2020
408.24,84.1960
408.32,84.1900
408.41,84.1840
408.49,84.1790
408.58,84.1730
408.67,84.1670
408.75,84.1620
408.84,84.1560
408.92,84.1510
409.01,84.1450
409.10,84.1400
409.18,84.1340
409.27,84.1290
409.35,84.1240
409.44,84.1190
409.53,84.1130
409.61,84.1080
409.70,84.1030
409.78,84.0980
409.87,84.0930
409.96,84.0880
410.04,84.0830
410.13,84.0780
410.21,84.0730
410.30,84.0680
410.39,84.0640
410.47,84.0590
410.56,84.0540
410.64,84.0500
410.73,84.0450
410.82,84.0400
410.90,84.0360
410.99,84.0310
411.07,84.0270
411.16,84.0220
411.25,84.0180
411.33,84.0140
411.42,84.0090
411.50,84.0050
411.59,84.0010
411.68,83.9970
411.76,83.9920
411.85,83.9880
411.93,83.9840
412.02,83.9800
412.11,83.9760
412.19,83.9720
412.28,83.9680
412.36,83.9640
412.45,83.9600
412.53,83.9560
412.62,83.9520
412.71,83.9490
412.79,83.9450
412.88,83.9410
412.96,83.9370
413.05,83.9340
413.14,83.9300
413.22,83.9260
413.31,83.9230
413.39,83.9190
413.48,83.9160
413.56,83.9120
413.65,83.9090
413.74,83.9050
413.82,83.9020
413.91,83.8980
413.99,83.8950
414.08,83.8910
414.16,83.8880
414.25,83.8850
414.34,83.8810
414.42,83.8780
414.51,83.8750
414.59,83.8710
414.68,83.8680
414.76,83.8650
414.85,83.8620
414.94,83.8590
415.02,83.8560
415.11,83.8520
415.19,83.8490
415.28,83.8460
415.36,83.8430
415.45,83.8400
415.53,83.8370
415.62,83.8340
415.71,83.8310
415.79,83.8280
415.88,83.8250
415.96,83.8220
416.05,83.8190
416.13,83.8160
416.22,83.8130
416.30,83.8100
416.39,83.8070
416.48,83.8040
416.56,83.8010
416.65,83.7980
416.73,83.7950
416.82,83.7920
416.90,83.7890
416.99,83.7860
417.07,83.7830
417.16,83.7810
417.24,83.7780
417.33,83.7750
417.41,83.7720
417.50,83.7690
417.59,83.7660
417.67,83.7630
417.76,83.7600
417.84,83.7580
417.93,83.7550
418.01,83.7520
418.10,83.7490
418.18,83.7460
418.27,83.7430
418.35,83.7410
418.44,83.7380
418.52,83.7350
418.61,83.7320
418.69,83.7290
418.78,83.7260
418.86,83.7240
418.95,83.7210
419.04,83.7180
419.12,83.7150
419.21,83.7120
419.29,83.7090
419.38,83.7060
419.46,83.7030
419.55,83.7000
419.63,83.6970
419.72,83.6950
419.80,83.6920
419.89,83.6890
419.97,83.6860
420.06,83.6830
420.14,83.6800
420.23,83.6770
420.31,83.6740
420.40,83.6710
420.48,83.6680
420.57,83.6650
420.65,83.6620
420.74,83.6590
420.82,83.6560
420.91,83.6530
420.99,83.6490
421.08,83.6460
421.16,83.6430
421.25,83.6400
421.33,83.6370
421.42,83.6340
421.50,83.6310
421.59,83.6270
421.67,83.6240
421.76,83.6210
421.84,83.6180
421.93,83.6140
422.01,83.6110
422.10,83.6080
422.18,83.6040
422.27,83.6010
422.35,83.5970
422.44,83.5940
422.52,83.5910
422.61,83.5870
422.69,83.5840
422.78,83.5800
422.86,83.5770
422.95,83.5730
423.03,83.5690
423.12,83.5660
423.20,83.5620
423.29,83.5580
423.37,83.5550
423.46,83.5510
423.54,83.5470
423.63,83.5440
423.71,83.5400
423.80,83.5360
423.88,83.5320
423.97,83.5280
424.05,83.5240
424.14,83.5200
424.22,83.5160
424.31,83.5120
424.39,83.5080
424.48,83.5040
424.56,83.5000
424.65,83.4960
424.73,83.4920
424.82,83.4880
424.90,83.4840
424.99,83.4790
425.07,83.4750
425.16,83.4710
425.24,83.4660
425.32,83.4620
425.41,83.4570
425.49,83.4530
425.58,83.4480
425.66,83.4440
425.75,83.4390
425.83,83.4350
425.92,83.4300
426.00,83.4250
426.09,83.4210
426.17,83.4160
426.26,83.4110
426.34,83.4060
426.43,83.4010
426.51,83.3970
426.59,83.3920
426.68,83.3870
426.76,83.3820
426.85,83.3770
426.93,83.3710
427.02,83.3660
427.10,83.3610
427.19,83.3560
427.27,83.3510
427.36,83.3450
427.44,83.3400
427.52,83.3350
427.61,83.3290
427.69,83.3240
427.78,83.3180
427.86,83.3130
427.95,83.3070
428.03,83.3010
428.12,83.2960
428.20,83.2900
428.29,83.2840
428.37,83.2780
428.45,83.2730
428.54,83.2670
428.62,83.2610
428.71,83.2550
428.79,83.2490
428.88,83.2430
428.96,83.2360
429.05,83.2300
429.13,83.2240
429.21,83.2180
429.30,83.2110
429.38,83.2050
429.47,83.1990
429.55,83.1920
429.64,83.1860
429.72,83.1790
429.81,83.1730
429.89,83.1660
429.97,83.1600
430.06,83.1530
430.14,83.1460
430.23,83.1390
430.31,83.1320
430.40,83.1260
430.48,83.1190
430.57,83.1120
430.65,83.1050
430.73,83.0970
430.82,83.0900
430.90,83.0830
430.99,83.0760
431.07,83.0690
431.16,83.0610
431.24,83.0540
431.32,83.0470
431.41,83.0390
431.49,83.0320
431.58,83.0240
431.66,83.0160
431.75,83.0090
431.83,83.0010
431.92,82.9930
432.00,82.9850
432.08,82.9780
432.17,82.9700
432.25,82.9620
432.34,82.9540
432.42,82.9460
432.51,82.9380
432.59,82.9300
432.67,82.9210
432.76,82.9130
432.84,82.9050
432.93,82.8970
433.01,82.8880
433.10,82.8800
433.18,82.8710
433.26,82.8630
433.35,82.8540
433.43,82.8460
433.52,82.8370
433.60,82.8280
433.69,82.8190
433.77,82.8110
433.85,82.8020
433.94,82.7930
434.02,82.7840
434.11,82.7750
434.19,82.7660
434.28,82.7570
434.36,82.7480
434.44,82.7390
434.53,82.7300
434.61,82.7200
434.70,82.7110
434.78,82.7020
434.87,82.6920
434.95,82.6830
435.03,82.6730
435.12,82.6640
435.20,82.6540
435.29,82.6450
435.37,82.6350
435.46,82.6260
435.54,82.6160
435.63,82.6060
435.71,82.5960
435.79,82.5860
435.88,82.5770
435.96,82.5670
436.05,82.5570
436.13,82.5470
436.22,82.5370
436.30,82.5270
436.38,82.5170
436.47,82.5070
436.55,82.4970
436.64,82.4870
436.72,82.4770
436.80,82.4660
436.89,82.4560
436.97,82.4460
437.06,82.4360
437.14,82.4260
437.23,82.4150
437.31,82.4050
437.39,82.3950
437.48,82.3840
437.56,82.3740
437.65,82.3640
437.73,82.3530
437.82,82.3430
437.90,82.3330
437.98,82.3220
438.07,82.3120
438.15,82.3010
438.24,82.2910
438.32,82.2800
438.40,82.2700
438.49,82.2590
438.57,82.2480
438.66,82.2380
438.74,82.2270
438.82,82.2160
438.91,82.2060
438.99,82.1950
439.08,82.1840
439.16,82.1740
439.24,82.1630
439.33,82.1520
439.41,82.1420
439.49,82.1310
439.58,82.1200
439.66,82.1090
439.75,82.0990
439.83,82.0880
439.91,82.0770
440.00,82.0660
440.08,82.0550
440.16,82.0440
440.25,82.0330
440.33,82.0220
440.42,82.0110
440.50,82.0000
440.58,81.9890
440.67,81.9780
440.75,81.9670
440.83,81.9560
440.92,81.9450
441.00,81.9340
441.09,81.9230
441.17,81.9110
441.25,81.9000
441.34,81.8890
441.42,81.8780
441.50,81.8660
441.59,81.8550
441.67,81.8440
441.75,81.8320
441.84,81.8210
441.92,81.8090
442.00,81.7980
442.09,81.7860
442.17,81.7740
442.26,81.7620
442.34,81.7510
442.42,81.7390
442.51,81.7270
442.59,81.7150
442.67,81.7030
442.76,81.6900
442.84,81.6780
442.92,81.6660
443.01,81.6530
443.09,81.6410
443.17,81.6280
443.26,81.6150
443.34,81.6020
443.42,81.5890
443.51,81.5760
443.59,81.5630
443.67,81.5490
443.76,81.5360
443.84,81.5220
443.92,81.5080
444.01,81.4940
444.09,81.4800
444.17,81.4660
444.26,81.4520
444.34,81.4380
444.42,81.4230
444.51,81.4090
444.59,81.3940
444.67,81.3790
444.76,81.3640
444.84,81.3490
444.92,81.3340
445.01,81.3190
445.09,81.3030
445.17,81.2870
445.26,81.2720
445.34,81.2560
445.42,81.2390
445.51,81.2230
445.59,81.2060
445.67,81.1900
445.76,81.1730
445.84,81.1560
445.92,81.1380
446.00,81.1210
446.09,81.1030
446.17,81.0850
446.25,81.0670
446.34,81.0490
446.42,81.0300
446.50,81.0120
446.59,80.9930
446.67,80.9740
446.75,80.9550
446.84,80.9360
446.92,80.9160
447.00,80.8970
447.09,80.8770
447.17,80.8570
447.25,80.8370
447.33,80.8170
447.42,80.7970
447.50,80.7770
447.58,80.7570
447.67,80.7360
447.75,80.7150
447.83,80.6950
447.91,80.6740
448.00,80.6530
448.08,80.6320
448.16,80.6110
448.25,80.5900
448.33,80.5690
448.41,80.5470
448.50,80.5260
448.58,80.5040
448.66,80.4830
448.74,80.4610
448.83,80.4390
448.91,80.4170
448.99,80.3950
449.08,80.3730
449.16,80.3510
449.24,80.3280
449.32,80.3060
449.41,80.2830
449.49,80.2610
449.57,80.2380
449.66,80.2150
449.74,80.1930
449.82,80.1700
449.91,80.1470
449.99,80.1240
450.07,80.1010
450.15,80.0780
450.24,80.0550
450.32,80.0320
450.40,80.0090
450.48,79.9850
450.57,79.9620
450.65,79.9390
450.73,79.9160
450.82,79.8920
450.90,79.8680
450.98,79.8450
451.06,79.8210
451.15,79.7970
451.23,79.7730
451.31,79.7490
451.40,79.7250
451.48,79.7010
451.56,79.6770
451.64,79.6520
451.73,79.6270
451.81,79.6030
451.89,79.5780
451.97,79.5530
452.06,79.5270
452.14,79.5020
452.22,79.4760
452.31,79.4510
452.39,79.4250
452.47,79.3990
452.55,79.3720
452.64,79.3460
452.72,79.3190
452.80,79.2920
452.89,79.2650
452.97,79.2380
453.05,79.2110
453.13,79.1840
453.22,79.1560
453.30,79.1280
453.38,79.1010
453.46,79.0730
453.55,79.0450
453.63,79.0160
453.71,78.9880
453.79,78.9600
453.88,78.9310
453.96,78.9020
454.04,78.8730
454.13,78.8440
454.21,78.8150
454.29,78.7860
454.37,78.7570
454.46,78.7270
454.54,78.6970
454.62,78.6680
454.70,78.6380
454.79,78.6080
454.87,78.5770
454.95,78.5470
455.04,78.5170
455.12,78.4860
455.20,78.4550
455.28,78.4240
455.36,78.3930
455.45,78.3610
455.53,78.3300
455.61,78.2980
455.70,78.2670
455.78,78.2350
455.86,78.2030
455.94,78.1710
456.02,78.1390
456.11,78.1070
456.19,78.0750
456.27,78.0430
456.35,78.0100
456.44,77.9780
456.52,77.9450
456.60,77.9130
456.68,77.8800
456.77,77.8480
456.85,77.8150
456.93,77.7820
457.01,77.7490
457.10,77.7160
457.18,77.6830
457.26,77.6500
457.34,77.6170
457.42,77.5840
457.51,77.5500
457.59,77.5170
457.67,77.4830
457.75,77.4490
457.84,77.4160
457.92,77.3820
458.00,77.3480
458.08,77.3140
458.16,77.2800
458.25,77.2460
458.33,77.2110
458.41,77.1760
458.49,77.1420
458.57,77.1070
458.66,77.0710
458.74,77.0360
458.82,77.0000
458.90,76.9640
458.98,76.9280
459.07,76.8910
459.15,76.8540
459.23,76.8170
459.31,76.7800
459.40,76.7420
459.48,76.7040
459.56,76.6660
459.64,76.6280
459.72,76.5890
459.81,76.5510
459.89,76.5120
459.97,76.4720
460.05,76.4330
460.13,76.3930
460.22,76.3530
460.30,76.3120
460.38,76.2720
460.46,76.2310
460.54,76.1900
460.63,76.1480
460.71,76.1070
460.79,76.0650
460.87,76.0230
460.95,75.9810
461.03,75.9390
461.12,75.8960
461.20,75.8530
461.28,75.8100
461.36,75.7670
461.44,75.7230
461.53,75.6800
461.61,75.6360
461.69,75.5920
461.77,75.5470
461.85,75.5030
461.94,75.4570
462.02,75.4120
462.10,75.3670
462.18,75.3210
462.26,75.2750
462.34,75.2290
462.43,75.1820
462.51,75.1350
462.59,75.0890
462.67,75.0420
462.75,74.9940
462.83,74.9470
462.92,74.9000
463.00,74.8530
463.08,74.8050
463.16,74.7580
463.24,74.7100
463.32,74.6610
463.40,74.6130
463.49,74.5640
463.57,74.5150
463.65,74.4660
463.73,74.4160
463.81,74.3660
463.89,74.3160
463.98,74.2660
464.06,74.2150
464.14,74.1640
464.22,74.1130
464.30,74.0620
464.38,74.0100
464.47,73.9580
464.55,73.9060
464.63,73.8530
464.71,73.8010
464.79,73.7480
464.87,73.6940
464.95,73.6410
465.04,73.5870
465.12,73.5330
465.20,73.4780
465.28,73.4240
465.36,73.3690
465.44,73.3130
465.52,73.2580
465.60,73.2020
465.69,73.1450
465.77,73.0890
465.85,73.0320
465.93,72.9750
466.01,72.9180
466.09,72.8600
466.17,72.8020
466.26,72.7440
466.34,72.6850
466.42,72.6270
466.50,72.5680
466.58,72.5090
466.66,72.4490
466.74,72.3890
466.83,72.3290
466.91,72.2680
466.99,72.2070
467.07,72.1460
467.15,72.0850
467.23,72.0230
467.31,71.9620
467.40,71.9000
467.48,71.8380
467.56,71.7760
467.64,71.7150
467.72,71.6530
467.80,71.5910
467.88,71.5290
467.96,71.4670
468.04,71.4040
468.13,71.3420
468.21,71.2790
468.29,71.2170
468.37,71.1540
468.45,71.0910
468.53,71.0270
468.61,70.9640
468.69,70.9000
468.77,70.8350
468.85,70.7710
468.94,70.7060
469.02,70.6400
469.10,70.5750
469.18,70.5090
469.26,70.4420
469.34,70.3760
469.42,70.3090
469.50,70.2410
469.58,70.1740
469.66,70.1060
469.74,70.0380
469.82,69.9710
469.91,69.9030
469.99,69.8350
470.07,69.7660
470.15,69.6980
470.23,69.6300
470.31,69.5610
470.39,69.4920
470.47,69.4220
470.55,69.3530
470.63,69.2820
470.71,69.2120
470.79,69.1410
470.87,69.0690
470.95,68.9970
471.04,68.9240
471.12,68.8510
471.20,68.7770
471.28,68.7030
471.36,68.6280
471.44,68.5530
471.52,68.4780
471.60,68.4010
471.68,68.3250
471.76,68.2480
471.84,68.1700
471.92,68.0920
472.00,68.0140
472.08,67.9350
472.16,67.8560
472.24,67.7760
472.32,67.6960
472.40,67.6160
472.48,67.5350
472.57,67.4540
472.65,67.3720
472.73,67.2900
472.81,67.2070
472.89,67.1250
472.97,67.0420
473.05,66.9580
473.13,66.8750
473.21,66.7910
473.29,66.7060
473.37,66.6210
473.45,66.5360
473.53,66.4510
473.61,66.3650
473.69,66.2790
473.77,66.1920
473.85,66.1040
473.93,66.0160
474.01,65.9270
474.09,65.8380
474.17,65.7480
474.25,65.6580
474.33,65.5670
474.41,65.4760
474.49,65.3840
474.57,65.2920
474.65,65.2000
474.73,65.1080
474.81,65.0160
474.89,64.9230
474.98,64.8300
475.06,64.7360
475.14,64.6430
475.22,64.5490
475.30,64.4550
475.38,64.3610
475.46,64.2660
475.54,64.1710
475.62,64.0760
475.70,63.9800
475.78,63.8840
475.86,63.7870
475.94,63.6910
476.02,63.5940
476.10,63.4970
476.18,63.3990
476.26,63.3010
476.34,63.2030
476.42,63.1040
476.50,63.0040
476.58,62.9050
476.66,62.8050
476.74,62.7050
476.82,62.6040
476.90,62.5030
476.98,62.4020
477.06,62.3000
477.14,62.1980
477.22,62.0960
477.30,61.9930
477.37,61.8910
477.45,61.7870
477.53,61.6830
477.61,61.5800
477.69,61.4750
477.77,61.3710
477.85,61.2660
477.93,61.1600
478.01,61.0550
478.09,60.9490
478.17,60.8420
478.25,60.7350
478.33,60.6280
478.41,60.5200
478.49,60.4120
478.57,60.3030
478.65,60.1940
478.73,60.0840
478.81,59.9740
478.89,59.8630
478.97,59.7520
479.05,59.6400
479.13,59.5280
479.21,59.4150
479.29,59.3020
479.37,59.1890
479.45,59.0750
479.53,58.9610
479.61,58.8460
479.69,58.7320
479.77,58.6160
479.85,58.5000
479.93,58.3840
480.01,58.2670
480.09,58.1490
480.17,58.0320
480.25,57.9130
480.33,57.7950
480.41,57.6760
480.49,57.5560
480.57,57.4360
480.65,57.3160
480.73,57.1950
480.81,57.0730
480.89,56.9520
480.97,56.8290
481.05,56.7070
481.13,56.5830
481.21,56.4590
481.29,56.3350
481.37,56.2100
481.45,56.0840
481.53,55.9580
481.61,55.8320
481.69,55.7040
481.77,55.5760
481.85,55.4480
481.93,55.3180
482.01,55.1880
482.09,55.0580
482.17,54.9260
482.25,54.7950
482.33,54.6620
482.41,54.5290
482.49,54.3960
482.57,54.2620
482.65,54.1280
482.73,53.9930
482.81,53.8580
482.89,53.7220
482.97,53.5860
483.05,53.4490
483.13,53.3120
483.21,53.1740
483.29,53.0360
483.37,52.8970
483.45,52.7570
483.54,52.6170
483.62,52.4770
483.70,52.3360
483.78,52.1940
483.86,52.0520
483.94,51.9090
484.02,51.7660
484.10,51.6220
484.18,51.4770
484.26,51.3320
484.34,51.1860
484.43,51.0400
484.51,50.8930
484.59,50.7450
484.67,50.5970
484.75,50.4490
484.83,50.3000
484.91,50.1510
484.99,50.0020
485.07,49.8520
485.15,49.7020
485.24,49.5520
485.32,49.4010
485.40,49.2510
485.48,49.1000
485.56,48.9500
485.64,48.7990
485.72,48.6480
485.80,48.4980
485.89,48.3470
485.97,48.1970
486.05,48.0470
486.13,47.8960
486.21,47.7460
486.29,47.5950
486.38,47.4450
486.46,47.2950
486.54,47.1440
486.62,46.9940
486.70,46.8430
486.79,46.6930
486.87,46.5420
486.95,46.3920
487.03,46.2410
487.11,46.0900
487.19,45.9400
487.27,45.7890
487.36,45.6380
487.44,45.4870
487.52,45.3360
487.60,45.1840
487.68,45.0330
487.76,44.8820
487.85,44.7310
487.93,44.5790
488.01,44.4280
488.09,44.2770
488.17,44.1260
488.25,43.9750
488.34,43.8250
488.42,43.6740
488.50,43.5240
488.58,43.3740
488.66,43.2240
488.74,43.0740
488.83,42.9240
488.91,42.7750
488.99,42.6250
489.07,42.4740
489.15,42.3240
489.24,42.1740
489.32,42.0240
489.40,41.8730
489.48,41.7220
489.56,41.5710
489.65,41.4200
489.73,41.2690
489.81,41.1170
489.89,40.9650
489.97,40.8130
490.06,40.6610
490.14,40.5080
490.22,40.3550
490.30,40.2020
490.38,40.0490
490.47,39.8950
490.55,39.7410
490.63,39.5870
490.71,39.4320
490.80,39.2770
490.88,39.1220
490.96,38.9670
491.04,38.8120
491.12,38.6560
491.21,38.5000
491.29,38.3440
491.37,38.1880
491.45,38.0320
491.54,37.8760
491.62,37.7200
491.70,37.5640
491.78,37.4070
491.87,37.2510
491.95,37.0940
492.03,36.9380
492.11,36.7810
492.20,36.6250
492.28,36.4680
492.36,36.3110
492.45,36.1540
492.53,35.9960
492.61,35.8390
492.70,35.6820
492.78,35.5240
492.86,35.3670
492.94,35.2100
493.03,35.0520
493.11,34.8940
493.19,34.7370
493.28,34.5790
493.36,34.4210
493.44,34.2630
493.52,34.1060
493.61,33.9480
493.69,33.7900
493.77,33.6320
493.86,33.4740
493.94,33.3170
494.02,33.1580
494.11,33.0000
494.19,32.8420
494.27,32.6840
494.36,32.5260
494.44,32.3680
494.52,32.2110
494.61,32.0530
494.69,31.8950
494.77,31.7380
494.86,31.5810
494.94,31.4240
495.02,31.2680
495.11,31.1120
495.19,30.9550
495.28,30.7990
495.36,30.6440
495.44,30.4880
495.53,30.3330
495.61,30.1770
495.69,30.0220
495.78,29.8670
495.86,29.7130
495.95,29.5580
496.03,29.4040
496.11,29.2500
496.20,29.0950
496.28,28.9420
496.37,28.7880
496.45,28.6340
496.53,28.4810
496.62,28.3270
496.70,28.1740
496.79,28.0210
496.87,27.8680
496.96,27.7160
497.04,27.5630
497.12,27.4110
497.21,27.2590
497.29,27.1070
497.38,26.9550
497.46,26.8030
497.55,26.6520
497.63,26.5010
497.72,26.3500
497.80,26.1990
497.89,26.0490
497.97,25.8980
498.06,25.7490
498.14,25.5990
498.23,25.4500
498.31,25.3010
498.40,25.1530
498.48,25.0050
498.57,24.8570
498.65,24.7100
498.74,24.5630
498.82,24.4160
498.91,24.2700
498.99,24.1240
499.08,23.9780
499.16,23.8330
499.25,23.6880
499.33,23.5430
499.42,23.3990
499.50,23.2550
499.59,23.1110
499.67,22.9680
499.76,22.8250
499.85,22.6830
499.93,22.5400
500.02,22.3990
500.10,22.2580
500.19,22.1170
500.27,21.9760
500.36,21.8360
500.45,21.6970
500.53,21.5580
500.62,21.4190
500.70,21.2810
500.79,21.1430
500.88,21.0060
500.96,20.8690
501.05,20.7330
501.13,20.5970
501.22,20.4620
501.31,20.3270
501.39,20.1930
501.48,20.0590
501.57,19.9260
501.65,19.7930
501.74,19.6610
501.82,19.5290
501.91,19.3980
502.00,19.2680
502.08,19.1380
502.17,19.0090
502.26,18.8800
502.35,18.7510
502.43,18.6240
502.52,18.4960
502.61,18.3700
502.69,18.2440
502.78,18.1180
502.87,17.9930
502.95,17.8690
503.04,17.7450
503.13,17.6220
503.21,17.4990
503.30,17.3770
503.39,17.2560
503.48,17.1350
503.56,17.0150
503.65,16.8950
503.74,16.7760
503.83,16.6580
503.91,16.5400
504.00,16.4230
504.09,16.3070
504.17,16.1910
504.26,16.0760
504.35,15.9620
504.44,15.8480
504.53,15.7350
504.61,15.6220
504.70,15.5110
504.79,15.3990
504.88,15.2890
504.96,15.1790
505.05,15.0700
505.14,14.9620
505.23,14.8550
505.32,14.7480
505.40,14.6410
505.49,14.5360
505.58,14.4310
505.67,14.3270
505.76,14.2240
505.84,14.1210
505.93,14.0190
506.02,13.9180
506.11,13.8180
506.20,13.7180
506.28,13.6190
506.37,13.5210
506.46,13.4240
506.55,13.3270
506.64,13.2310
506.73,13.1360
506.81,13.0420
506.90,12.9480
506.99,12.8550
507.08,12.7630
507.17,12.6720
507.26,12.5810
507.34,12.4910
507.43,12.4020
507.52,12.3130
507.61,12.2260
507.70,12.1390
507.79,12.0530
507.87,11.9680
507.96,11.8830
508.05,11.8000
508.14,11.7170
508.23,11.6350
508.32,11.5530
508.41,11.4730
508.49,11.3930
508.58,11.3140
508.67,11.2360
508.76,11.1580
508.85,11.0820
508.94,11.0060
509.03,10.9310
509.11,10.8560
509.20,10.7830
509.29,10.7100
509.38,10.6380
509.47,10.5670
509.56,10.4970
509.65,10.4270
509.73,10.3580
509.82,10.2900
509.91,10.2230
510.00,10.1560
510.09,10.0910
510.18,10.0260
510.27,9.9620
510.35,9.8980
510.44,9.8360
510.53,9.7730
510.62,9.7120
510.71,9.6520
510.80,9.5920
510.88,9.5330
510.97,9.4750
511.06,9.4180
511.15,9.3610
511.24,9.3050
511.32,9.2500
511.41,9.1950
511.50,9.1420
511.59,9.0890
511.68,9.0360
511.77,8.9850
511.85,8.9340
511.94,8.8840
512.03,8.8340
512.12,8.7850
512.21,8.7370
512.29,8.6900
512.38,8.6430
512.47,8.5970
512.56,8.5520
512.65,8.5070
512.73,8.4630
512.82,8.4190
512.91,8.3760
513.00,8.3340
513.08,8.2930
513.17,8.2520
513.26,8.2120
513.35,8.1720
513.44,8.1340
513.52,8.0950
513.61,8.0580
513.70,8.0210
513.79,7.9850
513.87,7.9490
513.96,7.9140
514.05,7.8790
514.14,7.8450
514.22,7.8120
514.31,7.7790
514.40,7.7470
514.49,7.7150
514.57,7.6840
514.66,7.6530
514.75,7.6230
514.84,7.5940
514.92,7.5650
515.01,7.5370
515.10,7.5090
515.18,7.4810
515.27,7.4550
515.36,7.4280
515.45,7.4020
515.53,7.3770
515.62,7.3520
515.71,7.3280
515.79,7.3050
515.88,7.2810
515.97,7.2580
516.05,7.2360
516.14,7.2140
516.23,7.1930
516.32,7.1720
516.40,7.1510
516.49,7.1310
516.58,7.1110
516.66,7.0920
516.75,7.0740
516.84,7.0550
516.92,7.0370
517.01,7.0200
517.10,7.0030
517.18,6.9860
517.27,6.9690
517.36,6.9530
517.44,6.9380
517.53,6.9220
517.62,6.9080
517.71,6.8930
517.79,6.8790
517.88,6.8650
517.97,6.8510
518.05,6.8380
518.14,6.8250
518.23,6.8130
518.31,6.8000
518.40,6.7880
518.48,6.7770
518.57,6.7650
518.66,6.7540
518.74,6.7430
518.83,6.7330
518.92,6.7230
519.00,6.7130
519.09,6.7030
519.18,6.6940
519.26,6.6850
519.35,6.6760
519.44,6.6670
519.52,6.6590
519.61,6.6500
519.70,6.6430
519.78,6.6350
519.87,6.6270
519.95,6.6200
520.04,6.6130
520.13,6.6060
520.21,6.5990
520.30,6.5930
520.39,6.5870
520.47,6.5810
520.56,6.5750
520.64,6.5690
520.73,6.5640
520.82,6.5590
520.90,6.5530
520.99,6.5480
521.08,6.5440
521.16,6.5390
521.25,6.5340
521.33,6.5300
521.42,6.5260
521.51,6.5220
521.59,6.5180
521.68,6.5140
521.76,6.5110
521.85,6.5070
521.94,6.5040
522.02,6.5010
522.11,6.4980
522.19,6.4950
522.28,6.4920
522.37,6.4890
522.45,6.4870
522.54,6.4840
522.62,6.4820
522.71,6.4790
522.80,6.4770
522.88,6.4750
522.97,6.4730
523.05,6.4710
523.14,6.4690
523.22,6.4670
523.31,6.4650
523.39,6.4640
523.48,6.4620
523.57,6.4600
523.65,6.4590
523.74,6.4570
523.82,6.4560
523.91,6.4550
523.99,6.4530
524.08,6.4520
524.17,6.4510
524.25,6.4500
524.34,6.4480
524.42,6.4470
524.51,6.4460
524.59,6.4450
524.68,6.4440
524.76,6.4430
524.85,6.4420
524.94,6.4410
525.02,6.4400
525.11,6.4400
525.19,6.4390
525.28,6.4380
525.36,6.4370
525.45,6.4360
525.53,6.4350
525.62,6.4350
525.70,6.4340
525.79,6.4330
525.87,6.4320
525.96,6.4320
526.05,6.4310
526.13,6.4300
526.22,6.4290
526.30,6.4290
526.39,6.4280
526.47,6.4270
526.56,6.4260
526.64,6.4260
526.73,6.4250
526.81,6.4240
526.90,6.4240
526.98,6.4230
527.07,6.4220
527.15,6.4220
527.24,6.4210
527.32,6.4200
527.41,6.4190
527.49,6.4190
527.58,6.4180
527.66,6.4170
527.75,6.4170
527.83,6.4160
527.92,6.4150
528.00,6.4150
528.09,6.4140
528.17,6.4130
528.26,6.4130
528.34,6.4120
528.43,6.4110
528.51,6.4110
528.60,6.4100
528.68,6.4100
528.77,6.4090
528.85,6.4080
528.94,6.4080
529.02,6.4070
529.11,6.4060
529.19,6.4060
529.28,6.4050
529.36,6.4050
529.45,6.4040
529.53,6.4030
529.62,6.4030
529.70,6.4020
529.79,6.4020
529.87,6.4010
529.96,6.4000
530.04,6.4000
530.13,6.3990
530.21,6.3990
530.30,6.3980
530.38,6.3970
530.47,6.3970
530.55,6.3960
530.64,6.3960
530.72,6.3950
530.80,6.3950
530.89,6.3940
530.97,6.3940
531.06,6.3930
531.14,6.3920
531.23,6.3920
531.31,6.3910
531.40,6.3910
531.48,6.3900
531.57,6.3900
531.65,6.3890
531.74,6.3890
531.82,6.3880
531.91,6.3880
531.99,6.3870
532.07,6.3870
532.16,6.3860
532.24,6.3860
532.33,6.3850
532.41,6.3850
532.50,6.3840
532.58,6.3840
532.67,6.3830
532.75,6.3830
532.84,6.3820
532.92,6.3820
533.00,6.3810
533.09,6.3810
533.17,6.3800
533.26,6.3800
533.34,6.3800
533.43,6.3790
533.51,6.3790
533.60,6.3780
533.68,6.3780
533.76,6.3770
533.85,6.3770
533.93,6.3760
534.02,6.3760
534.10,6.3760
534.19,6.3750
534.27,6.3750
534.36,6.3740
534.44,6.3740
534.52,6.3730
534.61,6.3730
534.69,6.3730
534.78,6.3720
534.86,6.3720
534.95,6.3710
535.03,6.3710
535.11,6.3710
535.20,6.3700
535.28,6.3700
535.37,6.3690
535.45,6.3690
535.54,6.3690
535.62,6.3680
535.70,6.3680
535.79,6.3670
535.87,6.3670
535.96,6.3670
536.04,6.3660
536.13,6.3660
536.21,6.3660
536.29,6.3650
536.38,6.3650
536.46,6.3650
536.55,6.3640
536.63,6.3640
536.72,6.3630
536.80,6.3630
536.88,6.3630
536.97,6.3620
537.05,6.3620
537.14,6.3620
537.22,6.3610
537.30,6.3610
537.39,6.3610
537.47,6.3600
537.56,6.3600
537.64,6.3600
537.73,6.3590
537.81,6.3590
537.89,6.3590
537.98,6.3590
538.06,6.3580
538.15,6.3580
538.23,6.3580
538.31,6.3570
538.40,6.3570
538.48,6.3570
538.57,6.3560
538.65,6.3560
538.73,6.3560
538.82,6.3550
538.90,6.3550
538.99,6.3550
539.07,6.3550
539.15,6.3540
539.24,6.3540
539.32,6.3540
539.41,6.3530
539.49,6.3530
539.57,6.3530
539.66,6.3530
539.74,6.3520
539.83,6.3520
539.91,6.3520
539.99,6.3520
540.08,6.3510
540.16,6.3510
540.25,6.3510
540.33,6.3510
540.41,6.3500
540.50,6.3500
540.58,6.3500
540.67,6.3500
540.75,6.3490
540.83,6.3490
540.92,6.3490
541.00,6.3490
541.09,6.3480
541.17,6.3480
541.25,6.3480
541.34,6.3480
541.42,6.3470
541.50,6.3470
541.59,6.3470
541.67,6.3470
541.76,6.3460
541.84,6.3460
541.92,6.3460
542.01,6.3460
542.09,6.3460
542.18,6.3450
542.26,6.3450
542.34,6.3450
542.43,6.3450
542.51,6.3440
542.59,6.3440
542.68,6.3440
542.76,6.3440
542.85,6.3440
542.93,6.3430
543.01,6.3430
543.10,6.3430
543.18,6.3430
543.27,6.3430
543.35,6.3420
543.43,6.3420
543.52,6.3420
543.60,6.3420
543.68,6.3420
543.77,6.3410
543.85,6.3410
543.94,6.3410
544.02,6.3410
544.10,6.3410
544.19,6.3400
544.27,6.3400
544.35,6.3400
544.44,6.3400
544.52,6.3400
544.61,6.3400
544.69,6.3390
544.77,6.3390
544.86,6.3390
544.94,6.3390
545.02,6.3390
545.11,6.3380
545.19,6.3380
545.27,6.3380
545.36,6.3380
545.44,6.3380
545.53,6.3380
545.61,6.3370
545.69,6.3370
545.78,6.3370
545.86,6.3370
545.94,6.3370
546.03,6.3370
546.11,6.3360
546.19,6.3360
546.28,6.3360
546.36,6.3360
546.45,6.3360
546.53,6.3360
546.61,6.3350
546.70,6.3350
546.78,6.3350
546.86,6.3350
546.95,6.3350
547.03,6.3350
547.11,6.3350
547.20,6.3340
547.28,6.3340
547.37,6.3340
547.45,6.3340
547.53,6.3340
547.62,6.3340
547.70,6.3340
547.78,6.3330
547.87,6.3330
547.95,6.3330
548.03,6.3330
548.12,6.3330
548.20,6.3330
548.29,6.3330
548.37,6.3320
548.45,6.3320
548.54,6.3320
548.62,6.3320
548.70,6.3320
548.79,6.3320
548.87,6.3320
548.95,6.3310
549.04,6.3310
549.12,6.3310
549.20,6.3310
549.29,6.3310
549.37,6.3310
549.46,6.3310
549.54,6.3310
549.62,6.3300
549.71,6.3300
549.79,6.3300
549.87,6.3300
549.96,6.3300
550.04,6.3300
550.12,6.3300
550.21,6.3300
550.29,6.3290
550.37,6.3290
550.46,6.3290
550.54,6.3290
550.62,6.3290
550.71,6.3290
550.79,6.3290
550.88,6.3290
550.96,6.3290
551.04,6.3280
551.13,6.3280
551.21,6.3280
551.29,6.3280
551.38,6.3280
551.46,6.3280
551.54,6.3280
551.63,6.3280
551.71,6.3280
551.79,6.3270
551.88,6.3270
551.96,6.3270
552.04,6.3270
552.13,6.3270
552.21,6.3270
552.29,6.3270
552.38,6.3270
552.46,6.3270
552.54,6.3270
552.63,6.3260
552.71,6.3260
552.79,6.3260
552.88,6.3260
552.96,6.3260
553.04,6.3260
553.13,6.3260
553.21,6.3260
553.30,6.3260
553.38,6.3260
553.46,6.3250
553.55,6.3250
553.63,6.3250
553.71,6.3250
553.80,6.3250
553.88,6.3250
553.96,6.3250
554.05,6.3250
554.13,6.3250
554.21,6.3250
554.30,6.3250
554.38,6.3240
554.46,6.3240
554.55,6.3240
554.63,6.3240
554.71,6.3240
554.80,6.3240
554.88,6.3240
554.96,6.3240
555.05,6.3240
555.13,6.3240
555.21,6.3240
555.30,6.3230
555.38,6.3230
555.46,6.3230
555.55,6.3230
555.63,6.3230
555.71,6.3230
555.80,6.3230
555.88,6.3230
555.96,6.3230
556.05,6.3230
556.13,6.3230
556.21,6.3230
556.30,6.3230
556.38,6.3220
556.46,6.3220
556.55,6.3220
556.63,6.3220
556.71,6.3220
556.80,6.3220
556.88,6.3220
556.96,6.3220
557.05,6.3220
557.13,6.3220
557.21,6.3220
557.30,6.3220
557.38,6.3210
557.46,6.3210
557.55,6.3210
557.63,6.3210
557.71,6.3210
557.80,6.3210
557.88,6.3210
557.96,6.3210
558.05,6.3210
558.13,6.3210
558.21,6.3210
558.30,6.3210
558.38,6.3210
558.46,6.3200
558.55,6.3200
558.63,6.3200
558.71,6.3200
558.80,6.3200
558.88,6.3200
558.96,6.3200
559.05,6.3200
559.13,6.3200
559.21,6.3200
559.30,6.3200
559.38,6.3200
559.46,6.3190
559.55,6.3190
559.63,6.3190
559.71,6.3190
559.80,6.3190
559.88,6.3190
559.96,6.3190
560.04,6.3190
560.13,6.3190
560.21,6.3190
560.29,6.3190
560.38,6.3190
560.46,6.3190
560.54,6.3190
560.63,6.3180
560.71,6.3180
560.79,6.3180
560.88,6.3180
560.96,6.3180
561.04,6.3180
561.13,6.3180
561.21,6.3180
561.29,6.3180
561.38,6.3180
561.46,6.3180
561.54,6.3180
561.63,6.3180
561.71,6.3180
561.79,6.3170
561.88,6.3170
561.96,6.3170
562.04,6.3170
562.13,6.3170
562.21,6.3170
562.29,6.3170
562.38,6.3170
562.46,6.3170
562.54,6.3170
562.63,6.3170
562.71,6.3170
562.79,6.3170
562.88,6.3170
562.96,6.3160
563.04,6.3160
563.13,6.3160
563.21,6.3160
563.29,6.3160
563.38,6.3160
563.46,6.3160
563.54,6.3160
563.63,6.3160
563.71,6.3160
563.79,6.3160
563.87,6.3160
563.96,6.3160
564.04,6.3160
564.12,6.3160
564.21,6.3160
564.29,6.3160
564.37,6.3150
564.46,6.3150
564.54,6.3150
564.62,6.3150
564.71,6.3150
564.79,6.3150
564.87,6.3150
564.96,6.3150
565.04,6.3150
565.12,6.3150
565.21,6.3150
565.29,6.3150
565.37,6.3150
565.46,6.3150
565.54,6.3150
565.62,6.3150
565.71,6.3150
565.79,6.3150
565.87,6.3140
565.96,6.3140
566.04,6.3140
566.12,6.3140
566.21,6.3140
566.29,6.3140
566.37,6.3140
566.45,6.3140
566.54,6.3140
566.62,6.3140
566.70,6.3140
566.79,6.3140
566.87,6.3140
566.95,6.3140
567.04,6.3140
567.12,6.3140
567.20,6.3140
567.29,6.3140
567.37,6.3140
567.45,6.3140
567.54,6.3140
567.62,6.3130
567.70,6.3130
567.79,6.3130
567.87,6.3130
567.95,6.3130
568.03,6.3130
568.12,6.3130
568.20,6.3130
568.28,6.3130
568.37,6.3130
568.45,6.3130
568.53,6.3130
568.62,6.3130
568.70,6.3130
568.78,6.3130
568.87,6.3130
568.95,6.3130
569.03,6.3130
569.12,6.3130
569.20,6.3130
569.28,6.3130
569.37,6.3130
569.45,6.3120
569.53,6.3120
569.62,6.3120
569.70,6.3120
569.78,6.3120
569.87,6.3120
569.95,6.3120
570.03,6.3120
570.11,6.3120
570.20,6.3120
570.28,6.3120
570.36,6.3120
570.45,6.3120
570.53,6.3120
570.61,6.3120
570.70,6.3120
570.78,6.3120
570.86,6.3120
570.95,6.3120
571.03,6.3120
571.11,6.3120
571.20,6.3120
571.28,6.3120
571.36,6.3120
571.45,6.3120
571.53,6.3120
571.61,6.3110
571.70,6.3110
571.78,6.3110
571.86,6.3110
571.94,6.3110
572.03,6.3110
572.11,6.3110
572.19,6.3110
572.28,6.3110
572.36,6.3110
572.44,6.3110
572.53,6.3110
572.61,6.3110
572.69,6.3110
572.78,6.3110
572.86,6.3110
572.94,6.3110
573.03,6.3110
573.11,6.3110
573.19,6.3110
573.28,6.3110
573.36,6.3110
573.44,6.3110
573.52,6.3110
573.61,6.3110
573.69,6.3110
573.77,6.3110
573.86,6.3100
573.94,6.3100
574.02,6.3100
574.11,6.3100
574.19,6.3100
574.27,6.3100
574.36,6.3100
574.44,6.3100
574.52,6.3100
574.61,6.3100
574.69,6.3100
574.77,6.3100
574.86,6.3100
574.94,6.3100
575.02,6.3100
575.10,6.3100
575.19,6.3100
575.27,6.3100
575.35,6.3100
575.44,6.3100
575.52,6.3100
575.60,6.3100
575.69,6.3100
575.77,6.3100
575.85,6.3100
575.94,6.3100
576.02,6.3090
576.10,6.3090
576.19,6.3090
576.27,6.3090
576.35,6.3090
576.44,6.3090
576.52,6.3090
576.60,6.3090
576.68,6.3090
576.77,6.3090
576.85,6.3090
576.93,6.3090
577.02,6.3090
577.10,6.3090
577.18,6.3090
577.27,6.3090
577.35,6.3090
577.43,6.3090
577.52,6.3090
577.60,6.3090
577.68,6.3090
577.77,6.3090
577.85,6.3090
577.93,6.3090
578.01,6.3080
578.10,6.3080
578.18,6.3080
578.26,6.3080
578.35,6.3080
578.43,6.3080
578.51,6.3080
578.60,6.3080
578.68,6.3080
578.76,6.3080
578.85,6.3080
578.93,6.3080
579.01,6.3080
579.10,6.3080
579.18,6.3080
579.26,6.3080
579.34,6.3080
579.43,6.3080
579.51,6.3080
579.59,6.3080
579.68,6.3080
579.76,6.3080
579.84,6.3080
579.93,6.3070
580.01,6.3070
580.09,6.3070
580.18,6.3070
580.26,6.3070
580.34,6.3070
580.43,6.3070
580.51,6.3070
580.59,6.3070
580.68,6.3070
580.76,6.3070
580.84,6.3070
580.92,6.3070
581.01,6.3070
581.09,6.3070
581.17,6.3070
581.26,6.3070
581.34,6.3070
581.42,6.3070
581.51,6.3070
581.59,6.3070
581.67,6.3070
581.76,6.3060
581.84,6.3060
581.92,6.3060
582.01,6.3060
582.09,6.3060
582.17,6.3060
582.25,6.3060
582.34,6.3060
582.42,6.3060
582.50,6.3060
582.59,6.3060
582.67,6.3060
582.75,6.3060
582.84,6.3060
582.92,6.3060
583.00,6.3060
583.09,6.3060
583.17,6.3060
583.25,6.3060
583.33,6.3060
583.42,6.3050
583.50,6.3050
583.58,6.3050
583.67,6.3050
583.75,6.3050
583.83,6.3050
583.92,6.3050
584.00,6.3050
584.08,6.3050
584.17,6.3050
584.25,6.3050
584.33,6.3050
584.42,6.3050
584.50,6.3050
584.58,6.3050
584.66,6.3050
584.75,6.3050
584.83,6.3050
584.91,6.3050
585.00,6.3040
585.08,6.3040
585.16,6.3040
585.25,6.3040
585.33,6.3040
585.41,6.3040
585.50,6.3040
585.58,6.3040
585.66,6.3040
585.74,6.3040
585.83,6.3040
585.91,6.3040
585.99,6.3040
586.08,6.3040
586.16,6.3040
586.24,6.3040
586.33,6.3040
586.41,6.3040
586.49,6.3030
586.58,6.3030
586.66,6.3030
586.74,6.3030
586.83,6.3030
586.91,6.3030
586.99,6.3030
587.08,6.3030
587.16,6.3030
587.24,6.3030
587.32,6.3030
587.41,6.3030
587.49,6.3030
587.57,6.3030
587.66,6.3030
587.74,6.3030
587.82,6.3030
587.91,6.3030
587.99,6.3030
588.07,6.3020
588.16,6.3020
588.24,6.3020
588.32,6.3020
588.41,6.3020
588.49,6.3020
588.57,6.3020
588.65,6.3020
588.74,6.3020
588.82,6.3020
588.90,6.3020
588.99,6.3020
589.07,6.3020
589.15,6.3020
589.24,6.3020
589.32,6.3020
589.40,6.3020
589.49,6.3020
589.57,6.3020
589.65,6.3020
589.74,6.3010
589.82,6.3010
589.90,6.3010
589.98,6.3010
590.07,6.3010
590.15,6.3010
590.23,6.3010
590.32,6.3010
590.40,6.3010
590.48,6.3010
590.57,6.3010
590.65,6.3010
590.73,6.3010
590.82,6.3010
590.90,6.3010
590.98,6.3010
591.07,6.3010
591.15,6.3010
591.23,6.3010
591.31,6.3010
591.40,6.3010
591.48,6.3000
591.56,6.3000
591.65,6.3000
591.73,6.3000
591.81,6.3000
591.90,6.3000
591.98,6.3000
592.06,6.3000
592.15,6.3000
592.23,6.3000
592.31,6.3000
592.40,6.3000
592.48,6.3000
592.56,6.3000
592.64,6.3000
592.73,6.3000
592.81,6.3000
592.89,6.3000
592.98,6.3000
593.06,6.3000
593.14,6.2990
593.23,6.2990
593.31,6.2990
593.39,6.2990
593.48,6.2990
593.56,6.2990
593.64,6.2990
593.73,6.2990
593.81,6.2990
593.89,6.2990
593.98,6.2990
594.06,6.2990
594.14,6.2990
594.22,6.2990
594.31,6.2990
594.39,6.2990
594.47,6.2990
594.56,6.2990
594.64,6.2990
594.72,6.2980
594.81,6.2980
594.89,6.2980
594.97,6.2980
595.06,6.2980
595.14,6.2980
595.22,6.2980
595.31,6.2980
595.39,6.2980
595.47,6.2980
595.56,6.2980
595.64,6.2980
595.72,6.2980
595.80,6.2980
595.89,6.2980
595.97,6.2980
596.05,6.2980
596.14,6.2980
596.22,6.2980
596.30,6.2970
596.39,6.2970
596.47,6.2970
596.55,6.2970
596.64,6.2970
596.72,6.2970
596.80,6.2970
596.88,6.2970
596.97,6.2970
597.05,6.2970
597.13,6.2970
597.22,6.2970
597.30,6.2970
597.38,6.2970
597.47,6.2970
597.55,6.2970
597.63,6.2970
597.72,6.2970
597.80,6.2970
597.88,6.2970
597.97,6.2960
598.05,6.2960
598.13,6.2960
598.21,6.2960
598.30,6.2960
598.38,6.2960
598.46,6.2960
598.55,6.2960
598.63,6.2960
598.71,6.2960
598.80,6.2960
598.88,6.2960
598.96,6.2960
599.05,6.2960
599.13,6.2960
599.21,6.2960
599.30,6.2960
599.38,6.2960
599.46,6.2960
599.54,6.2960
599.63,6.2960
599.71,6.2960
599.79,6.2960
599.88,6.2950
599.96,6.2950
600.04,6.2950
600.13,6.2950
600.21,6.2950
600.29,6.2950
600.38,6.2950
600.46,6.2950
600.54,6.2950
600.62,6.2950
600.71,6.2950
600.79,6.2950
600.87,6.2950
600.96,6.2950
601.04,6.2950
601.12,6.2950
601.21,6.2950
601.29,6.2950
601.37,6.2950
601.46,6.2950
601.54,6.2950
601.62,6.2950
601.71,6.2950
601.79,6.2950
601.87,6.2950
601.96,6.2940
602.04,6.2940
602.12,6.2940
602.20,6.2940
602.29,6.2940
602.37,6.2940
602.45,6.2940
602.54,6.2940
602.62,6.2940
602.70,6.2940
602.79,6.2940
602.87,6.2940
602.95,6.2940
603.04,6.2940
603.12,6.2940
603.20,6.2940
603.29,6.2940
603.37,6.2940
603.45,6.2940
603.53,6.2940
603.62,6.2940
603.70,6.2940
603.78,6.2940
603.87,6.2940
603.95,6.2940
604.03,6.2930
604.12,6.2930
604.20,6.2930
604.28,6.2930
604.37,6.2930
604.45,6.2930
604.53,6.2930
604.61,6.2930
604.70,6.2930
604.78,6.2930
604.86,6.2930
604.95,6.2930
605.03,6.2930
605.11,6.2930
605.20,6.2930
605.28,6.2930
605.36,6.2930
605.45,6.2930
605.53,6.2930
605.61,6.2930
605.70,6.2930
605.78,6.2930
605.86,6.2930
605.94,6.2920
606.03,6.2920
606.11,6.2920
606.19,6.2920
606.28,6.2920
606.36,6.2920
606.44,6.2920
606.53,6.2920
606.61,6.2920
606.69,6.2920
606.78,6.2920
606.86,6.2920
606.94,6.2920
607.02,6.2920
607.11,6.2920
607.19,6.2920
607.27,6.2920
607.36,6.2920
607.44,6.2920
607.52,6.2920
607.61,6.2920
607.69,6.2920
607.77,6.2920
607.86,6.2910
607.94,6.2910
608.02,6.2910
608.10,6.2910
608.19,6.2910
608.27,6.2910
608.35,6.2910
608.44,6.2910
608.52,6.2910
608.60,6.2910
608.69,6.2910
608.77,6.2910
608.85,6.2910
608.94,6.2910
609.02,6.2910
609.10,6.2910
609.18,6.2910
609.27,6.2910
609.35,6.2910
609.43,6.2910
609.52,6.2910
609.60,6.2910
609.68,6.2910
609.77,6.2900
609.85,6.2900
609.93,6.2900
610.02,6.2900
610.10,6.2900
610.18,6.2900
610.27,6.2900
610.35,6.2900
610.43,6.2900
610.51,6.2900
610.60,6.2900
610.68,6.2900
610.76,6.2900
610.85,6.2900
610.93,6.2900
611.01,6.2900
611.10,6.2900
611.18,6.2900
611.26,6.2900
611.35,6.2900
611.43,6.2900
611.51,6.2900
611.59,6.2900
611.68,6.2900
611.76,6.2890
611.84,6.2890
611.93,6.2890
612.01,6.2890
612.09,6.2890
612.18,6.2890
612.26,6.2890
612.34,6.2890
612.43,6.2890
612.51,6.2890
612.59,6.2890
612.68,6.2890
612.76,6.2890
612.84,6.2890
612.92,6.2890
613.01,6.2890
613.09,6.2890
613.17,6.2890
613.26,6.2890
613.34,6.2890
613.42,6.2890
613.51,6.2890
613.59,6.2890
613.67,6.2890
613.76,6.2890
613.84,6.2890
613.92,6.2890
614.00,6.2880
614.09,6.2880
614.17,6.2880
614.25,6.2880
614.34,6.2880
614.42,6.2880
614.50,6.2880
614.59,6.2880
614.67,6.2880
614.75,6.2880
614.84,6.2880
614.92,6.2880
615.00,6.2880
615.08,6.2880
615.17,6.2880
615.25,6.2880
615.33,6.2880
615.42,6.2880
615.50,6.2880
615.58,6.2880
615.67,6.2880
615.75,6.2880
615.83,6.2880
615.92,6.2880
616.00,6.2880
616.08,6.2880
616.16,6.2880
616.25,6.2870
616.33,6.2870
616.41,6.2870
616.50,6.2870
616.58,6.2870
616.66,6.2870
616.75,6.2870
616.83,6.2870
616.91,6.2870
617.00,6.2870
617.08,6.2870
617.16,6.2870
617.24,6.2870
617.33,6.2870
617.41,6.2870
617.49,6.2870
617.58,6.2870
617.66,6.2870
617.74,6.2870
617.83,6.2870
617.91,6.2870
617.99,6.2870
618.07,6.2870
618.16,6.2870
618.24,6.2870
618.32,6.2860
618.41,6.2860
618.49,6.2860
618.57,6.2860
618.66,6.2860
618.74,6.2860
618.82,6.2860
618.91,6.2860
618.99,6.2860
619.07,6.2860
619.15,6.2860
619.24,6.2860
619.32,6.2860
619.40,6.2860
619.49,6.2860
619.57,6.2860
619.65,6.2860
619.74,6.2860
619.82,6.2860
619.90,6.2860
619.98,6.2860
620.07,6.2860
620.15,6.2860
620.23,6.2860
620.32,6.2860
620.40,6.2850
620.48,6.2850
620.57,6.2850
620.65,6.2850
620.73,6.2850
620.82,6.2850
620.90,6.2850
620.98,6.2850
621.06,6.2850
621.15,6.2850
621.23,6.2850
621.31,6.2850
621.40,6.2850
621.48,6.2850
621.56,6.2850
621.65,6.2850
621.73,6.2850
621.81,6.2850
621.90,6.2850
621.98,6.2850
622.06,6.2850
622.15,6.2850
622.23,6.2850
622.31,6.2850
622.39,6.2850
622.48,6.2840
622.56,6.2840
622.64,6.2840
622.73,6.2840
622.81,6.2840
622.89,6.2840
622.98,6.2840
623.06,6.2840
623.14,6.2840
623.23,6.2840
623.31,6.2840
623.39,6.2840
623.47,6.2840
623.56,6.2840
623.64,6.2840
623.72,6.2840
623.81,6.2840
623.89,6.2840
623.97,6.2840
624.06,6.2840
624.14,6.2840
624.22,6.2840
624.31,6.2840
624.39,6.2840
624.47,6.2840
624.55,6.2840
624.64,6.2830
624.72,6.2830
624.80,6.2830
624.89,6.2830
624.97,6.2830
625.05,6.2830
625.14,6.2830
625.22,6.2830
625.30,6.2830
625.39,6.2830
625.47,6.2830
625.55,6.2830
625.64,6.2830
625.72,6.2830
625.80,6.2830
625.88,6.2830
625.97,6.2830
626.05,6.2830
626.13,6.2830
626.22,6.2830
626.30,6.2830
626.38,6.2830
626.47,6.2830
626.55,6.2830
626.63,6.2830
626.72,6.2820
626.80,6.2820
626.88,6.2820
626.96,6.2820
627.05,6.2820
627.13,6.2820
627.21,6.2820
627.30,6.2820
627.38,6.2820
627.46,6.2820
627.55,6.2820
627.63,6.2820
627.71,6.2820
627.79,6.2820
627.88,6.2820
627.96,6.2820
628.04,6.2820
628.13,6.2820
628.21,6.2820
628.29,6.2820
628.38,6.2820
628.46,6.2820
628.54,6.2820
628.63,6.2820
628.71,6.2820
628.79,6.2820
628.87,6.2820
628.96,6.2820
629.04,6.2810
629.12,6.2810
629.21,6.2810
629.29,6.2810
629.37,6.2810
629.46,6.2810
629.54,6.2810
629.62,6.2810
629.70,6.2810
629.79,6.2810
629.87,6.2810
629.95,6.2810
630.04,6.2810
630.12,6.2810
630.20,6.2810
630.29,6.2810
630.37,6.2810
630.45,6.2810
630.53,6.2810
630.62,6.2810
630.70,6.2810
630.78,6.2810
630.87,6.2810
630.95,6.2810
631.03,6.2810
631.12,6.2810
631.20,6.2810
631.28,6.2810
631.37,6.2810
631.45,6.2800
631.53,6.2800
631.61,6.2800
631.70,6.2800
631.78,6.2800
631.86,6.2800
631.95,6.2800
632.03,6.2800
632.11,6.2800
632.20,6.2800
632.28,6.2800
632.36,6.2800
632.45,6.2800
632.53,6.2800
632.61,6.2800
632.69,6.2800
632.78,6.2800
632.86,6.2800
632.94,6.2800
633.03,6.2800
633.11,6.2800
633.19,6.2800
633.28,6.2800
633.36,6.2800
633.44,6.2800
633.53,6.2800
633.61,6.2800
633.69,6.2800
633.77,6.2790
633.86,6.2790
633.94,6.2790
634.02,6.2790
634.11,6.2790
634.19,6.2790
634.27,6.2790
634.36,6.2790
634.44,6.2790
634.52,6.2790
634.60,6.2790
634.69,6.2790
634.77,6.2790
634.85,6.2790
634.94,6.2790
635.02,6.2790
635.10,6.2790
635.19,6.2790
635.27,6.2790
635.35,6.2790
635.44,6.2790
635.52,6.2790
635.60,6.2790
635.68,6.2790
635.77,6.2790
635.85,6.2780
635.93,6.2780
636.02,6.2780
636.10,6.2780
636.18,6.2780
636.27,6.2780
636.35,6.2780
636.43,6.2780
636.52,6.2780
636.60,6.2780
636.68,6.2780
636.76,6.2780
636.85,6.2780
636.93,6.2780
637.01,6.2780
637.10,6.2780
637.18,6.2780
637.26,6.2780
637.35,6.2780
637.43,6.2780
637.51,6.2780
637.59,6.2780
637.68,6.2780
637.76,6.2780
637.84,6.2780
637.93,6.2770
638.01,6.2770
638.09,6.2770
638.18,6.2770
638.26,6.2770
638.34,6.2770
638.43,6.2770
638.51,6.2770
638.59,6.2770
638.67,6.2770
638.76,6.2770
638.84,6.2770
638.92,6.2770
639.01,6.2770
639.09,6.2770
639.17,6.2770
639.26,6.2770
639.34,6.2770
639.42,6.2770
639.51,6.2770
639.59,6.2770
639.67,6.2770
639.75,6.2770
639.84,6.2770
639.92,6.2770
640.00,6.2760
640.09,6.2760
640.17,6.2760
640.25,6.2760
640.34,6.2760
640.42,6.2760
640.50,6.2760
640.58,6.2760
640.67,6.2760
640.75,6.2760
640.83,6.2760
640.92,6.2760
641.00,6.2760
641.08,6.2760
641.17,6.2760
641.25,6.2760
641.33,6.2760
641.42,6.2760
641.50,6.2760
641.58,6.2760
641.66,6.2760
641.75,6.2760
641.83,6.2760
641.91,6.2760
642.00,6.2760
642.08,6.2760
642.16,6.2750
642.25,6.2750
642.33,6.2750
642.41,6.2750
642.49,6.2750
642.58,6.2750
642.66,6.2750
642.74,6.2750
642.83,6.2750
642.91,6.2750
642.99,6.2750
643.08,6.2750
643.16,6.2750
643.24,6.2750
643.33,6.2750
643.41,6.2750
643.49,6.2750
643.57,6.2750
643.66,6.2750
643.74,6.2750
643.82,6.2750
643.91,6.2750
643.99,6.2750
644.07,6.2750
644.16,6.2750
644.24,6.2740
644.32,6.2740
644.40,6.2740
644.49,6.2740
644.57,6.2740
644.65,6.2740
644.74,6.2740
644.82,6.2740
644.90,6.2740
644.99,6.2740
645.07,6.2740
645.15,6.2740
645.23,6.2740
645.32,6.2740
645.40,6.2740
645.48,6.2740
645.57,6.2740
645.65,6.2740
645.73,6.2740
645.82,6.2740
645.90,6.2740
645.98,6.2740
646.06,6.2740
646.15,6.2740
646.23,6.2740
646.31,6.2730
646.40,6.2730
646.48,6.2730
646.56,6.2730
646.65,6.2730
646.73,6.2730
646.81,6.2730
646.90,6.2730
646.98,6.2730
647.06,6.2730
647.14,6.2730
647.23,6.2730
647.31,6.2730
647.39,6.2730
647.48,6.2730
647.56,6.2730
647.64,6.2730
647.73,6.2730
647.81,6.2730
647.89,6.2730
647.97,6.2730
648.06,6.2730
648.14,6.2730
648.22,6.2730
648.31,6.2730
648.39,6.2720
648.47,6.2720
648.56,6.2720
648.64,6.2720
648.72,6.2720
648.80,6.2720
648.89,6.2720
648.97,6.2720
649.05,6.2720
649.14,6.2720
649.22,6.2720
649.30,6.2720
649.39,6.2720
649.47,6.2720
649.55,6.2720
649.63,6.2720
649.72,6.2720
649.80,6.2720
649.88,6.2720
649.97,6.2720
650.05,6.2720
650.13,6.2720
650.22,6.2720
650.30,6.2720
650.38,6.2710
650.47,6.2710
650.55,6.2710
650.63,6.2710
650.71,6.2710
650.80,6.2710
650.88,6.2710
650.96,6.2710
651.05,6.2710
651.13,6.2710
651.21,6.2710
651.30,6.2710
651.38,6.2710
651.46,6.2710
651.54,6.2710
651.63,6.2710
651.71,6.2710
651.79,6.2710
651.88,6.2710
651.96,6.2710
652.04,6.2710
652.13,6.2710
652.21,6.2710
652.29,6.2710
652.37,6.2710
652.46,6.2710
652.54,6.2710
652.62,6.2700
652.71,6.2700
652.79,6.2700
652.87,6.2700
652.96,6.2700
653.04,6.2700
653.12,6.2700
653.20,6.2700
653.29,6.2700
653.37,6.2700
653.45,6.2700
653.54,6.2700
653.62,6.2700
653.70,6.2700
653.79,6.2700
653.87,6.2700
653.95,6.2700
654.03,6.2700
654.12,6.2700
654.20,6.2700
654.28,6.2700
654.37,6.2700
654.45,6.2700
654.53,6.2700
654.62,6.2700
654.70,6.2700
654.78,6.2700
654.86,6.2700
654.95,6.2690
655.03,6.2690
655.11,6.2690
655.20,6.2690
655.28,6.2690
655.36,6.2690
655.45,6.2690
655.53,6.2690
655.61,6.2690
655.69,6.2690
655.78,6.2690
655.86,6.2690
655.94,6.2690
656.03,6.2690
656.11,6.2690
656.19,6.2690
656.27,6.2690
656.36,6.2690
656.44,6.2690
656.52,6.2690
656.61,6.2690
656.69,6.2690
656.77,6.2690
656.86,6.2690
656.94,6.2690
657.02,6.2690
657.11,6.2690
657.19,6.2680
657.27,6.2680
657.35,6.2680
657.44,6.2680
657.52,6.2680
657.60,6.2680
657.69,6.2680
657.77,6.2680
657.85,6.2680
657.94,6.2680
658.02,6.2680
658.10,6.2680
658.18,6.2680
658.27,6.2680
658.35,6.2680
658.43,6.2680
658.52,6.2680
658.60,6.2680
658.68,6.2680
658.77,6.2680
658.85,6.2680
658.93,6.2680
659.01,6.2680
659.10,6.2680
659.18,6.2680
659.26,6.2680
659.35,6.2680
659.43,6.2670
659.51,6.2670
659.60,6.2670
659.68,6.2670
659.76,6.2670
659.85,6.2670
659.93,6.2670
660.01,6.2670
660.09,6.2670
660.18,6.2670
660.26,6.2670
660.34,6.2670
660.43,6.2670
660.51,6.2670
660.59,6.2670
660.68,6.2670
660.76,6.2670
660.84,6.2670
660.92,6.2670
661.01,6.2670
661.09,6.2670
661.17,6.2670
661.26,6.2670
661.34,6.2670
661.42,6.2670
661.51,6.2670
661.59,6.2670
661.67,6.2670
661.75,6.2670
661.84,6.2660
661.92,6.2660
662.00,6.2660
662.09,6.2660
662.17,6.2660
662.25,6.2660
662.34,6.2660
662.42,6.2660
662.50,6.2660
662.58,6.2660
662.67,6.2660
662.75,6.2660
662.83,6.2660
662.92,6.2660
663.00,6.2660
663.08,6.2660
663.17,6.2660
663.25,6.2660
663.33,6.2660
663.41,6.2660
663.50,6.2660
663.58,6.2660
663.66,6.2660
663.75,6.2660
663.83,6.2660
663.91,6.2660
664.00,6.2650
664.08,6.2650
664.16,6.2650
664.24,6.2650
664.33,6.2650
664.41,6.2650
664.49,6.2650
664.58,6.2650
664.66,6.2650
664.74,6.2650
664.82,6.2650
664.91,6.2650
664.99,6.2650
665.07,6.2650
665.16,6.2650
665.24,6.2650
665.32,6.2650
665.41,6.2650
665.49,6.2650
665.57,6.2650
665.65,6.2650
665.74,6.2650
665.82,6.2650
665.90,6.2650
665.99,6.2650
666.07,6.2640
666.15,6.2640
666.24,6.2640
666.32,6.2640
666.40,6.2640
666.48,6.2640
666.57,6.2640
666.65,6.2640
666.73,6.2640
666.82,6.2640
666.90,6.2640
666.98,6.2640
667.07,6.2640
667.15,6.2640
667.23,6.2640
667.31,6.2640
667.40,6.2640
667.48,6.2640
667.56,6.2640
667.65,6.2640
667.73,6.2640
667.81,6.2640
667.89,6.2640
667.98,6.2640
668.06,6.2640
668.14,6.2640
668.23,6.2640
668.31,6.2640
668.39,6.2640
668.48,6.2640
668.56,6.2640
668.64,6.2640
668.72,6.2640
668.81,6.2630
668.89,6.2630
668.97,6.2630
669.06,6.2630
669.14,6.2630
669.22,6.2630
669.30,6.2630
669.39,6.2630
669.47,6.2630
669.55,6.2630
669.64,6.2630
669.72,6.2630
669.80,6.2630
669.89,6.2630
669.97,6.2630
670.05,6.2630
670.13,6.2630
670.22,6.2630
670.30,6.2630
670.38,6.2630
670.47,6.2630
670.55,6.2630
670.63,6.2630
670.72,6.2630
670.80,6.2630
670.88,6.2630
670.96,6.2630
671.05,6.2630
671.13,6.2630
671.21,6.2620
671.30,6.2620
671.38,6.2620
671.46,6.2620
671.54,6.2620
671.63,6.2620
671.71,6.2620
671.79,6.2620
671.88,6.2620
671.96,6.2620
672.04,6.2620
672.13,6.2620
672.21,6.2620
672.29,6.2620
672.37,6.2620
672.46,6.2620
672.54,6.2620
672.62,6.2620
672.71,6.2620
672.79,6.2620
672.87,6.2620
672.95,6.2620
673.04,6.2620
673.12,6.2620
673.20,6.2620
673.29,6.2620
673.37,6.2620
673.45,6.2620
673.54,6.2620
673.62,6.2620
673.70,6.2610
673.78,6.2610
673.87,6.2610
673.95,6.2610
674.03,6.2610
674.12,6.2610
674.20,6.2610
674.28,6.2610
674.36,6.2610
674.45,6.2610
674.53,6.2610
674.61,6.2610
674.70,6.2610
674.78,6.2610
674.86,6.2610
674.94,6.2610
675.03,6.2610
675.11,6.2610
675.19,6.2610
675.28,6.2610
675.36,6.2610
675.44,6.2610
675.52,6.2610
675.61,6.2610
675.69,6.2610
675.77,6.2610
675.86,6.2610
675.94,6.2610
676.02,6.2610
676.10,6.2600
676.19,6.2600
676.27,6.2600
676.35,6.2600
